{
	"credit": "minecraftrp.com.br",
	"textures": {
		"0": "custom/weapons/axe",
		"particle": "custom/weapons/axe"
	},
	"elements": [
		{
			"name": "Box9",
			"from": [7.75, 0.25, 7.75],
			"to": [8.25, 8.25, 8.25],
			"rotation": {"angle": 0, "axis": "y", "origin": [0, 0, -0.25]},
			"faces": {
				"north": {"uv": [8.25, 8, 7.75, 16], "texture": "#0"},
				"east": {"uv": [8.25, 8, 7.75, 16], "texture": "#0"},
				"south": {"uv": [8.25, 8, 7.75, 16], "texture": "#0"},
				"west": {"uv": [8.25, 8, 7.75, 16], "texture": "#0"},
				"up": {"uv": [8.25, 8, 7.75, 16], "texture": "#0"},
				"down": {"uv": [8.25, 8, 7.75, 16], "texture": "#0"}
			}
		},
		{
			"name": "Box9",
			"from": [7.75, 8.25, 7.75],
			"to": [8.25, 15.75, 8.25],
			"rotation": {"angle": 0, "axis": "y", "origin": [0, 0, -0.25]},
			"faces": {
				"north": {"uv": [8.25, 0.5, 7.75, 8], "texture": "#0"},
				"east": {"uv": [8.25, 0.5, 7.75, 8], "texture": "#0"},
				"south": {"uv": [8.25, 0.5, 7.75, 8], "texture": "#0"},
				"west": {"uv": [8.25, 0.5, 7.75, 8], "texture": "#0"},
				"up": {"uv": [8.25, 2.25, 7.75, 2.75], "texture": "#0"},
				"down": {"uv": [8.25, 2.25, 7.75, 2.75], "texture": "#0"}
			}
		},
		{
			"from": [7.5, 1.5, 7.5],
			"to": [8.5, 2, 8.5],
			"rotation": {"angle": 0, "axis": "y", "origin": [0.5, 0, 7.5]},
			"faces": {
				"north": {"uv": [7.5, 14.25, 8.5, 14.75], "texture": "#0"},
				"east": {"uv": [7.5, 14.25, 8.5, 14.75], "texture": "#0"},
				"south": {"uv": [7.5, 14.25, 8.5, 14.75], "texture": "#0"},
				"west": {"uv": [7.5, 14.25, 8.5, 14.75], "texture": "#0"},
				"up": {"uv": [7.5, 14.25, 8.5, 14.75], "texture": "#0"},
				"down": {"uv": [7.5, 14.25, 8.5, 14.75], "texture": "#0"}
			}
		},
		{
			"from": [7.5, 0.75, 7.5],
			"to": [8.5, 1.25, 8.5],
			"rotation": {"angle": 0, "axis": "y", "origin": [0.5, 0, 7.5]},
			"faces": {
				"north": {"uv": [7.5, 15, 8.5, 15.5], "texture": "#0"},
				"east": {"uv": [7.5, 15, 8.5, 15.5], "texture": "#0"},
				"south": {"uv": [7.5, 15, 8.5, 15.5], "texture": "#0"},
				"west": {"uv": [7.5, 15, 8.5, 15.5], "texture": "#0"},
				"up": {"uv": [7.5, 15, 8.5, 15.5], "texture": "#0"},
				"down": {"uv": [7.5, 15, 8.5, 15.5], "texture": "#0"}
			}
		},
		{
			"from": [7.5, 3, 7.5],
			"to": [8.5, 3.5, 8.5],
			"rotation": {"angle": 0, "axis": "y", "origin": [0.5, 0, 7.5]},
			"faces": {
				"north": {"uv": [7.5, 12.75, 8.5, 13.25], "texture": "#0"},
				"east": {"uv": [7.5, 12.75, 8.5, 13.25], "texture": "#0"},
				"south": {"uv": [7.5, 12.75, 8.5, 13.25], "texture": "#0"},
				"west": {"uv": [7.5, 12.75, 8.5, 13.25], "texture": "#0"},
				"up": {"uv": [7.5, 12.75, 8.5, 13.25], "texture": "#0"},
				"down": {"uv": [7.5, 12.75, 8.5, 13.25], "texture": "#0"}
			}
		},
		{
			"from": [7.5, 7.5, 7.5],
			"to": [8.5, 8.75, 8.5],
			"rotation": {"angle": 0, "axis": "y", "origin": [0.5, 0, 7.5]},
			"faces": {
				"north": {"uv": [7.5, 7.5, 8.5, 8.75], "texture": "#0"},
				"east": {"uv": [7.5, 7.5, 8.5, 8.75], "texture": "#0"},
				"south": {"uv": [7.5, 7.5, 8.5, 8.75], "texture": "#0"},
				"west": {"uv": [7.5, 7.5, 8.5, 8.75], "texture": "#0"},
				"up": {"uv": [7.5, 7.5, 8.5, 8.75], "texture": "#0"},
				"down": {"uv": [7.5, 7.5, 8.5, 8.75], "texture": "#0"}
			}
		},
		{
			"from": [7.5, 13.475, 7.5],
			"to": [8.5, 13.975, 8.5],
			"rotation": {"angle": 0, "axis": "y", "origin": [0.5, 0, 7.5]},
			"faces": {
				"north": {"uv": [7.5, 2.25, 8.5, 2.75], "texture": "#0"},
				"east": {"uv": [7.5, 2.25, 8.5, 2.75], "texture": "#0"},
				"south": {"uv": [7.5, 2.25, 8.5, 2.75], "texture": "#0"},
				"west": {"uv": [7.5, 2.25, 8.5, 2.75], "texture": "#0"},
				"up": {"uv": [7.5, 2.25, 8.5, 2.75], "texture": "#0"},
				"down": {"uv": [7.5, 2.25, 8.5, 2.75], "texture": "#0"}
			}
		},
		{
			"from": [7.625, 13.375, 7.625],
			"to": [8.375, 13.5, 8.375],
			"rotation": {"angle": 0, "axis": "y", "origin": [0.625, 0, 7.625]},
			"faces": {
				"north": {"uv": [7.625, 2.75, 8.375, 2.875], "texture": "#0"},
				"east": {"uv": [7.625, 2.75, 8.375, 2.875], "texture": "#0"},
				"south": {"uv": [7.625, 2.75, 8.375, 2.875], "texture": "#0"},
				"west": {"uv": [7.625, 2.75, 8.375, 2.875], "texture": "#0"},
				"up": {"uv": [7.625, 2.75, 8.375, 2.875], "texture": "#0"},
				"down": {"uv": [7.625, 2.75, 8.375, 2.875], "texture": "#0"}
			}
		},
		{
			"from": [7.625, 15.5, 7.625],
			"to": [8.375, 15.75, 8.375],
			"rotation": {"angle": 0, "axis": "y", "origin": [-0.375, 0, 0.625]},
			"faces": {
				"north": {"uv": [7.625, 0.5, 8.375, 0.75], "texture": "#0"},
				"east": {"uv": [7.625, 0.5, 8.375, 0.75], "texture": "#0"},
				"south": {"uv": [7.625, 0.5, 8.375, 0.75], "texture": "#0"},
				"west": {"uv": [7.625, 0.5, 8.375, 0.75], "texture": "#0"},
				"up": {"uv": [7.625, 0.5, 8.375, 0.75], "texture": "#0"},
				"down": {"uv": [7.625, 0.5, 8.375, 0.75], "texture": "#0"}
			}
		},
		{
			"from": [7.375, 15.75, 7.375],
			"to": [8.625, 16, 8.625],
			"rotation": {"angle": 0, "axis": "y", "origin": [-0.625, 0, 0.375]},
			"faces": {
				"north": {"uv": [7.625, 0.5, 8.375, 0.75], "texture": "#0"},
				"east": {"uv": [7.375, 0.25, 8.625, 0.5], "texture": "#0"},
				"south": {"uv": [7.625, 0.5, 8.375, 0.75], "texture": "#0"},
				"west": {"uv": [7.625, 0.5, 8.375, 0.75], "texture": "#0"},
				"up": {"uv": [7.625, 0.5, 8.375, 0.75], "texture": "#0"},
				"down": {"uv": [7.625, 0.5, 8.375, 0.75], "texture": "#0"}
			}
		},
		{
			"from": [7.5, 13.975, 7],
			"to": [8.5, 15.225, 9],
			"rotation": {"angle": 0, "axis": "y", "origin": [0.5, 0, 7]},
			"faces": {
				"north": {"uv": [7, 1, 9, 2.25], "texture": "#0"},
				"east": {"uv": [7, 1, 9, 2.25], "texture": "#0"},
				"south": {"uv": [7, 1, 9, 2.25], "texture": "#0"},
				"west": {"uv": [7, 1, 9, 2.25], "texture": "#0"},
				"up": {"uv": [7, 1, 9, 2.25], "texture": "#0"},
				"down": {"uv": [7, 1, 9, 2.25], "texture": "#0"}
			}
		},
		{
			"from": [6.8, 13.4075, 5.7],
			"to": [9.2, 15.8075, 7],
			"rotation": {"angle": 0, "axis": "y", "origin": [7.15, 0, 7.9]},
			"faces": {
				"north": {"uv": [12.75, 0.25, 15.75, 3.25], "texture": "#0"},
				"east": {"uv": [9, 0.25, 11, 3.25], "texture": "#0"},
				"south": {"uv": [9, 0.25, 11, 3.25], "texture": "#0"},
				"west": {"uv": [9, 0.25, 11, 3.25], "rotation": 90, "texture": "#0"},
				"up": {"uv": [9, 0.25, 11, 3.25], "texture": "#0"},
				"down": {"uv": [9, 0.25, 11, 3.25], "texture": "#0"}
			}
		},
		{
			"from": [6.875, 13.425, 8.975],
			"to": [9.125, 15.675, 10.475],
			"rotation": {"angle": 0, "axis": "y", "origin": [-0.125, 0, 7]},
			"faces": {
				"north": {"uv": [5.5, 0.5, 7, 2.75], "texture": "#0"},
				"east": {"uv": [5.5, 0.5, 7, 2.75], "texture": "#0"},
				"south": {"uv": [5.5, 0.5, 7, 2.75], "texture": "#0"},
				"west": {"uv": [5.5, 0.5, 7, 2.75], "texture": "#0"},
				"up": {"uv": [5.5, 0.5, 7, 2.75], "texture": "#0"},
				"down": {"uv": [5.5, 0.5, 7, 2.75], "texture": "#0"}
			}
		},
		{
			"from": [8.2, 13.8, 5.5],
			"to": [8.3, 14.2, 5.7],
			"rotation": {"angle": 0, "axis": "y", "origin": [7.2, 0, 7.2]},
			"faces": {
				"north": {"uv": [11, 2.25, 11.25, 2.5], "texture": "#0"},
				"east": {"uv": [11, 2.25, 11.25, 2.5], "texture": "#0"},
				"south": {"uv": [11, 2.25, 11.25, 2.5], "texture": "#0"},
				"west": {"uv": [11, 2.25, 11.25, 2.5], "texture": "#0"},
				"up": {"uv": [11, 2.25, 11.25, 2.5], "texture": "#0"},
				"down": {"uv": [11, 2.25, 11.25, 2.5], "texture": "#0"}
			}
		},
		{
			"from": [7.2, 13.8, 5.5],
			"to": [7.3, 14.2, 5.7],
			"rotation": {"angle": 0, "axis": "y", "origin": [7.2, 0, 7.2]},
			"faces": {
				"north": {"uv": [11, 2.25, 11.25, 2.5], "texture": "#0"},
				"east": {"uv": [11, 2.25, 11.25, 2.5], "texture": "#0"},
				"south": {"uv": [11, 2.25, 11.25, 2.5], "texture": "#0"},
				"west": {"uv": [11, 2.25, 11.25, 2.5], "texture": "#0"},
				"up": {"uv": [11, 2.25, 11.25, 2.5], "texture": "#0"},
				"down": {"uv": [11, 2.25, 11.25, 2.5], "texture": "#0"}
			}
		},
		{
			"from": [7.2, 14.8, 5.5],
			"to": [7.3, 15.2, 5.7],
			"rotation": {"angle": 0, "axis": "y", "origin": [7.2, 0, 7.2]},
			"faces": {
				"north": {"uv": [11, 2.25, 11.25, 2.5], "texture": "#0"},
				"east": {"uv": [11, 2.25, 11.25, 2.5], "texture": "#0"},
				"south": {"uv": [11, 2.25, 11.25, 2.5], "texture": "#0"},
				"west": {"uv": [11, 2.25, 11.25, 2.5], "texture": "#0"},
				"up": {"uv": [11, 2.25, 11.25, 2.5], "texture": "#0"},
				"down": {"uv": [11, 2.25, 11.25, 2.5], "texture": "#0"}
			}
		},
		{
			"from": [8.2, 14.8, 5.5],
			"to": [8.3, 15.2, 5.7],
			"rotation": {"angle": 0, "axis": "y", "origin": [7.2, 0, 7.2]},
			"faces": {
				"north": {"uv": [11, 2.25, 11.25, 2.5], "texture": "#0"},
				"east": {"uv": [11, 2.25, 11.25, 2.5], "texture": "#0"},
				"south": {"uv": [11, 2.25, 11.25, 2.5], "texture": "#0"},
				"west": {"uv": [11, 2.25, 11.25, 2.5], "texture": "#0"},
				"up": {"uv": [11, 2.25, 11.25, 2.5], "texture": "#0"},
				"down": {"uv": [11, 2.25, 11.25, 2.5], "texture": "#0"}
			}
		},
		{
			"from": [8.7, 13.8, 5.5],
			"to": [8.8, 14.2, 5.7],
			"rotation": {"angle": 0, "axis": "y", "origin": [7.2, 0, 7.2]},
			"faces": {
				"north": {"uv": [11, 2.25, 11.25, 2.5], "texture": "#0"},
				"east": {"uv": [11, 2.25, 11.25, 2.5], "texture": "#0"},
				"south": {"uv": [11, 2.25, 11.25, 2.5], "texture": "#0"},
				"west": {"uv": [11, 2.25, 11.25, 2.5], "texture": "#0"},
				"up": {"uv": [11, 2.25, 11.25, 2.5], "texture": "#0"},
				"down": {"uv": [11, 2.25, 11.25, 2.5], "texture": "#0"}
			}
		},
		{
			"from": [7.7, 13.8, 5.5],
			"to": [7.8, 14.2, 5.7],
			"rotation": {"angle": 0, "axis": "y", "origin": [7.2, 0, 7.2]},
			"faces": {
				"north": {"uv": [11, 2.25, 11.25, 2.5], "texture": "#0"},
				"east": {"uv": [11, 2.25, 11.25, 2.5], "texture": "#0"},
				"south": {"uv": [11, 2.25, 11.25, 2.5], "texture": "#0"},
				"west": {"uv": [11, 2.25, 11.25, 2.5], "texture": "#0"},
				"up": {"uv": [11, 2.25, 11.25, 2.5], "texture": "#0"},
				"down": {"uv": [11, 2.25, 11.25, 2.5], "texture": "#0"}
			}
		},
		{
			"from": [7.7, 14.8, 5.5],
			"to": [7.8, 15.2, 5.7],
			"rotation": {"angle": 0, "axis": "y", "origin": [7.2, 0, 7.2]},
			"faces": {
				"north": {"uv": [11, 2.25, 11.25, 2.5], "texture": "#0"},
				"east": {"uv": [11, 2.25, 11.25, 2.5], "texture": "#0"},
				"south": {"uv": [11, 2.25, 11.25, 2.5], "texture": "#0"},
				"west": {"uv": [11, 2.25, 11.25, 2.5], "texture": "#0"},
				"up": {"uv": [11, 2.25, 11.25, 2.5], "texture": "#0"},
				"down": {"uv": [11, 2.25, 11.25, 2.5], "texture": "#0"}
			}
		},
		{
			"from": [8.7, 14.8, 5.5],
			"to": [8.8, 15.2, 5.7],
			"rotation": {"angle": 0, "axis": "y", "origin": [7.2, 0, 7.2]},
			"faces": {
				"north": {"uv": [11, 2.25, 11.25, 2.5], "texture": "#0"},
				"east": {"uv": [11, 2.25, 11.25, 2.5], "texture": "#0"},
				"south": {"uv": [11, 2.25, 11.25, 2.5], "texture": "#0"},
				"west": {"uv": [11, 2.25, 11.25, 2.5], "texture": "#0"},
				"up": {"uv": [11, 2.25, 11.25, 2.5], "texture": "#0"},
				"down": {"uv": [11, 2.25, 11.25, 2.5], "texture": "#0"}
			}
		},
		{
			"from": [8.3, 13.7, 5.3],
			"to": [8.4, 13.9, 5.7],
			"rotation": {"angle": 0, "axis": "y", "origin": [7.2, 0, 7.2]},
			"faces": {
				"north": {"uv": [11, 2.5, 11.25, 2.75], "texture": "#0"},
				"east": {"uv": [11, 2.5, 11.25, 2.75], "texture": "#0"},
				"south": {"uv": [11, 2.5, 11.25, 2.75], "texture": "#0"},
				"west": {"uv": [11, 2.5, 11.25, 2.75], "texture": "#0"},
				"up": {"uv": [11, 2.5, 11.25, 2.75], "texture": "#0"},
				"down": {"uv": [11, 2.5, 11.25, 2.75], "texture": "#0"}
			}
		},
		{
			"from": [7.3, 13.7, 5.3],
			"to": [7.4, 13.9, 5.7],
			"rotation": {"angle": 0, "axis": "y", "origin": [7.2, 0, 7.2]},
			"faces": {
				"north": {"uv": [11, 2.5, 11.25, 2.75], "texture": "#0"},
				"east": {"uv": [11, 2.5, 11.25, 2.75], "texture": "#0"},
				"south": {"uv": [11, 2.5, 11.25, 2.75], "texture": "#0"},
				"west": {"uv": [11, 2.5, 11.25, 2.75], "texture": "#0"},
				"up": {"uv": [11, 2.5, 11.25, 2.75], "texture": "#0"},
				"down": {"uv": [11, 2.5, 11.25, 2.75], "texture": "#0"}
			}
		},
		{
			"from": [7.3, 14.7, 5.3],
			"to": [7.4, 14.9, 5.7],
			"rotation": {"angle": 0, "axis": "y", "origin": [7.2, 0, 7.2]},
			"faces": {
				"north": {"uv": [11, 2.5, 11.25, 2.75], "texture": "#0"},
				"east": {"uv": [11, 2.5, 11.25, 2.75], "texture": "#0"},
				"south": {"uv": [11, 2.5, 11.25, 2.75], "texture": "#0"},
				"west": {"uv": [11, 2.5, 11.25, 2.75], "texture": "#0"},
				"up": {"uv": [11, 2.5, 11.25, 2.75], "texture": "#0"},
				"down": {"uv": [11, 2.5, 11.25, 2.75], "texture": "#0"}
			}
		},
		{
			"from": [8.3, 14.7, 5.3],
			"to": [8.4, 14.9, 5.7],
			"rotation": {"angle": 0, "axis": "y", "origin": [7.2, 0, 7.2]},
			"faces": {
				"north": {"uv": [11, 2.5, 11.25, 2.75], "texture": "#0"},
				"east": {"uv": [11, 2.5, 11.25, 2.75], "texture": "#0"},
				"south": {"uv": [11, 2.5, 11.25, 2.75], "texture": "#0"},
				"west": {"uv": [11, 2.5, 11.25, 2.75], "texture": "#0"},
				"up": {"uv": [11, 2.5, 11.25, 2.75], "texture": "#0"},
				"down": {"uv": [11, 2.5, 11.25, 2.75], "texture": "#0"}
			}
		},
		{
			"from": [8.6, 13.7, 5.3],
			"to": [8.7, 13.9, 5.7],
			"rotation": {"angle": 0, "axis": "y", "origin": [7.2, 0, 7.2]},
			"faces": {
				"north": {"uv": [11, 2.5, 11.25, 2.75], "texture": "#0"},
				"east": {"uv": [11, 2.5, 11.25, 2.75], "texture": "#0"},
				"south": {"uv": [11, 2.5, 11.25, 2.75], "texture": "#0"},
				"west": {"uv": [11, 2.5, 11.25, 2.75], "texture": "#0"},
				"up": {"uv": [11, 2.5, 11.25, 2.75], "texture": "#0"},
				"down": {"uv": [11, 2.5, 11.25, 2.75], "texture": "#0"}
			}
		},
		{
			"from": [7.6, 13.7, 5.3],
			"to": [7.7, 13.9, 5.7],
			"rotation": {"angle": 0, "axis": "y", "origin": [7.2, 0, 7.2]},
			"faces": {
				"north": {"uv": [11, 2.5, 11.25, 2.75], "texture": "#0"},
				"east": {"uv": [11, 2.5, 11.25, 2.75], "texture": "#0"},
				"south": {"uv": [11, 2.5, 11.25, 2.75], "texture": "#0"},
				"west": {"uv": [11, 2.5, 11.25, 2.75], "texture": "#0"},
				"up": {"uv": [11, 2.5, 11.25, 2.75], "texture": "#0"},
				"down": {"uv": [11, 2.5, 11.25, 2.75], "texture": "#0"}
			}
		},
		{
			"from": [7.6, 14.7, 5.3],
			"to": [7.7, 14.9, 5.7],
			"rotation": {"angle": 0, "axis": "y", "origin": [7.2, 0, 7.2]},
			"faces": {
				"north": {"uv": [11, 2.5, 11.25, 2.75], "texture": "#0"},
				"east": {"uv": [11, 2.5, 11.25, 2.75], "texture": "#0"},
				"south": {"uv": [11, 2.5, 11.25, 2.75], "texture": "#0"},
				"west": {"uv": [11, 2.5, 11.25, 2.75], "texture": "#0"},
				"up": {"uv": [11, 2.5, 11.25, 2.75], "texture": "#0"},
				"down": {"uv": [11, 2.5, 11.25, 2.75], "texture": "#0"}
			}
		},
		{
			"from": [8.6, 14.7, 5.3],
			"to": [8.7, 14.9, 5.7],
			"rotation": {"angle": 0, "axis": "y", "origin": [7.2, 0, 7.2]},
			"faces": {
				"north": {"uv": [11, 2.5, 11.25, 2.75], "texture": "#0"},
				"east": {"uv": [11, 2.5, 11.25, 2.75], "texture": "#0"},
				"south": {"uv": [11, 2.5, 11.25, 2.75], "texture": "#0"},
				"west": {"uv": [11, 2.5, 11.25, 2.75], "texture": "#0"},
				"up": {"uv": [11, 2.5, 11.25, 2.75], "texture": "#0"},
				"down": {"uv": [11, 2.5, 11.25, 2.75], "texture": "#0"}
			}
		},
		{
			"from": [8.3, 14.1, 5.3],
			"to": [8.4, 14.3, 5.7],
			"rotation": {"angle": 0, "axis": "y", "origin": [7.2, 0, 7.2]},
			"faces": {
				"north": {"uv": [11, 2.125, 11.375, 2.375], "texture": "#0"},
				"east": {"uv": [11, 2.125, 11.375, 2.375], "texture": "#0"},
				"south": {"uv": [11, 2.125, 11.375, 2.375], "texture": "#0"},
				"west": {"uv": [11, 2.125, 11.375, 2.375], "texture": "#0"},
				"up": {"uv": [11, 2.125, 11.5, 2.25], "texture": "#0"},
				"down": {"uv": [11, 2.125, 11.375, 2.375], "texture": "#0"}
			}
		},
		{
			"from": [7.3, 14.1, 5.3],
			"to": [7.4, 14.3, 5.7],
			"rotation": {"angle": 0, "axis": "y", "origin": [7.2, 0, 7.2]},
			"faces": {
				"north": {"uv": [11, 2.125, 11.375, 2.375], "texture": "#0"},
				"east": {"uv": [11, 2.125, 11.375, 2.375], "texture": "#0"},
				"south": {"uv": [11, 2.125, 11.375, 2.375], "texture": "#0"},
				"west": {"uv": [11, 2.125, 11.375, 2.375], "texture": "#0"},
				"up": {"uv": [11, 2.125, 11.5, 2.25], "texture": "#0"},
				"down": {"uv": [11, 2.125, 11.375, 2.375], "texture": "#0"}
			}
		},
		{
			"from": [7.3, 15.1, 5.3],
			"to": [7.4, 15.3, 5.7],
			"rotation": {"angle": 0, "axis": "y", "origin": [7.2, 0, 7.2]},
			"faces": {
				"north": {"uv": [11, 2.125, 11.375, 2.375], "texture": "#0"},
				"east": {"uv": [11, 2.125, 11.375, 2.375], "texture": "#0"},
				"south": {"uv": [11, 2.125, 11.375, 2.375], "texture": "#0"},
				"west": {"uv": [11, 2.125, 11.375, 2.375], "texture": "#0"},
				"up": {"uv": [11, 2.125, 11.5, 2.25], "texture": "#0"},
				"down": {"uv": [11, 2.125, 11.375, 2.375], "texture": "#0"}
			}
		},
		{
			"from": [8.3, 15.1, 5.3],
			"to": [8.4, 15.3, 5.7],
			"rotation": {"angle": 0, "axis": "y", "origin": [7.2, 0, 7.2]},
			"faces": {
				"north": {"uv": [11, 2.125, 11.375, 2.375], "texture": "#0"},
				"east": {"uv": [11, 2.125, 11.375, 2.375], "texture": "#0"},
				"south": {"uv": [11, 2.125, 11.375, 2.375], "texture": "#0"},
				"west": {"uv": [11, 2.125, 11.375, 2.375], "texture": "#0"},
				"up": {"uv": [11, 2.125, 11.5, 2.25], "texture": "#0"},
				"down": {"uv": [11, 2.125, 11.375, 2.375], "texture": "#0"}
			}
		},
		{
			"from": [8.6, 14.1, 5.3],
			"to": [8.7, 14.3, 5.7],
			"rotation": {"angle": 0, "axis": "y", "origin": [7.2, 0, 7.2]},
			"faces": {
				"north": {"uv": [11, 2.125, 11.375, 2.375], "texture": "#0"},
				"east": {"uv": [11, 2.125, 11.375, 2.375], "texture": "#0"},
				"south": {"uv": [11, 2.125, 11.375, 2.375], "texture": "#0"},
				"west": {"uv": [11, 2.125, 11.375, 2.375], "texture": "#0"},
				"up": {"uv": [11, 2.125, 11.5, 2.25], "texture": "#0"},
				"down": {"uv": [11, 2.125, 11.375, 2.375], "texture": "#0"}
			}
		},
		{
			"from": [7.6, 14.1, 5.3],
			"to": [7.7, 14.3, 5.7],
			"rotation": {"angle": 0, "axis": "y", "origin": [7.2, 0, 7.2]},
			"faces": {
				"north": {"uv": [11, 2.125, 11.375, 2.375], "texture": "#0"},
				"east": {"uv": [11, 2.125, 11.375, 2.375], "texture": "#0"},
				"south": {"uv": [11, 2.125, 11.375, 2.375], "texture": "#0"},
				"west": {"uv": [11, 2.125, 11.375, 2.375], "texture": "#0"},
				"up": {"uv": [11, 2.125, 11.5, 2.25], "texture": "#0"},
				"down": {"uv": [11, 2.125, 11.375, 2.375], "texture": "#0"}
			}
		},
		{
			"from": [7.6, 15.1, 5.3],
			"to": [7.7, 15.3, 5.7],
			"rotation": {"angle": 0, "axis": "y", "origin": [7.2, 0, 7.2]},
			"faces": {
				"north": {"uv": [11, 2.125, 11.375, 2.375], "texture": "#0"},
				"east": {"uv": [11, 2.125, 11.375, 2.375], "texture": "#0"},
				"south": {"uv": [11, 2.125, 11.375, 2.375], "texture": "#0"},
				"west": {"uv": [11, 2.125, 11.375, 2.375], "texture": "#0"},
				"up": {"uv": [11, 2.125, 11.5, 2.25], "texture": "#0"},
				"down": {"uv": [11, 2.125, 11.375, 2.375], "texture": "#0"}
			}
		},
		{
			"from": [8.6, 15.1, 5.3],
			"to": [8.7, 15.3, 5.7],
			"rotation": {"angle": 0, "axis": "y", "origin": [7.2, 0, 7.2]},
			"faces": {
				"north": {"uv": [11, 2.125, 11.375, 2.375], "texture": "#0"},
				"east": {"uv": [11, 2.125, 11.375, 2.375], "texture": "#0"},
				"south": {"uv": [11, 2.125, 11.375, 2.375], "texture": "#0"},
				"west": {"uv": [11, 2.125, 11.375, 2.375], "texture": "#0"},
				"up": {"uv": [11, 2.125, 11.5, 2.25], "texture": "#0"},
				"down": {"uv": [11, 2.125, 11.375, 2.375], "texture": "#0"}
			}
		},
		{
			"from": [8.3, 13.9, 5.2],
			"to": [8.4, 14.1, 5.7],
			"rotation": {"angle": 0, "axis": "y", "origin": [7.2, 0, 7.2]},
			"faces": {
				"north": {"uv": [11, 2.25, 11.375, 2.5], "texture": "#0"},
				"east": {"uv": [11, 2.25, 11.375, 2.5], "texture": "#0"},
				"south": {"uv": [11, 2.25, 11.375, 2.5], "texture": "#0"},
				"west": {"uv": [11, 2.25, 11.375, 2.5], "texture": "#0"},
				"up": {"uv": [11, 2.25, 11.375, 2.5], "texture": "#0"},
				"down": {"uv": [11, 2.25, 11.375, 2.5], "texture": "#0"}
			}
		},
		{
			"from": [7.3, 13.9, 5.2],
			"to": [7.4, 14.1, 5.7],
			"rotation": {"angle": 0, "axis": "y", "origin": [7.2, 0, 7.2]},
			"faces": {
				"north": {"uv": [11, 2.25, 11.375, 2.5], "texture": "#0"},
				"east": {"uv": [11, 2.25, 11.375, 2.5], "texture": "#0"},
				"south": {"uv": [11, 2.25, 11.375, 2.5], "texture": "#0"},
				"west": {"uv": [11, 2.25, 11.375, 2.5], "texture": "#0"},
				"up": {"uv": [11, 2.25, 11.375, 2.5], "texture": "#0"},
				"down": {"uv": [11, 2.25, 11.375, 2.5], "texture": "#0"}
			}
		},
		{
			"from": [7.3, 14.9, 5.2],
			"to": [7.4, 15.1, 5.7],
			"rotation": {"angle": 0, "axis": "y", "origin": [7.2, 0, 7.2]},
			"faces": {
				"north": {"uv": [11, 2.25, 11.375, 2.5], "texture": "#0"},
				"east": {"uv": [11, 2.25, 11.375, 2.5], "texture": "#0"},
				"south": {"uv": [11, 2.25, 11.375, 2.5], "texture": "#0"},
				"west": {"uv": [11, 2.25, 11.375, 2.5], "texture": "#0"},
				"up": {"uv": [11, 2.25, 11.375, 2.5], "texture": "#0"},
				"down": {"uv": [11, 2.25, 11.375, 2.5], "texture": "#0"}
			}
		},
		{
			"from": [8.3, 14.9, 5.2],
			"to": [8.4, 15.1, 5.7],
			"rotation": {"angle": 0, "axis": "y", "origin": [7.2, 0, 7.2]},
			"faces": {
				"north": {"uv": [11, 2.25, 11.375, 2.5], "texture": "#0"},
				"east": {"uv": [11, 2.25, 11.375, 2.5], "texture": "#0"},
				"south": {"uv": [11, 2.25, 11.375, 2.5], "texture": "#0"},
				"west": {"uv": [11, 2.25, 11.375, 2.5], "texture": "#0"},
				"up": {"uv": [11, 2.25, 11.375, 2.5], "texture": "#0"},
				"down": {"uv": [11, 2.25, 11.375, 2.5], "texture": "#0"}
			}
		},
		{
			"from": [8.6, 13.9, 5.2],
			"to": [8.7, 14.1, 5.7],
			"rotation": {"angle": 0, "axis": "y", "origin": [7.2, 0, 7.2]},
			"faces": {
				"north": {"uv": [11, 2.25, 11.375, 2.5], "texture": "#0"},
				"east": {"uv": [11, 2.25, 11.375, 2.5], "texture": "#0"},
				"south": {"uv": [11, 2.25, 11.375, 2.5], "texture": "#0"},
				"west": {"uv": [11, 2.25, 11.375, 2.5], "texture": "#0"},
				"up": {"uv": [11, 2.25, 11.375, 2.5], "texture": "#0"},
				"down": {"uv": [11, 2.25, 11.375, 2.5], "texture": "#0"}
			}
		},
		{
			"from": [7.6, 13.9, 5.2],
			"to": [7.7, 14.1, 5.7],
			"rotation": {"angle": 0, "axis": "y", "origin": [7.2, 0, 7.2]},
			"faces": {
				"north": {"uv": [11, 2.25, 11.375, 2.5], "texture": "#0"},
				"east": {"uv": [11, 2.25, 11.375, 2.5], "texture": "#0"},
				"south": {"uv": [11, 2.25, 11.375, 2.5], "texture": "#0"},
				"west": {"uv": [11, 2.25, 11.375, 2.5], "texture": "#0"},
				"up": {"uv": [11, 2.25, 11.375, 2.5], "texture": "#0"},
				"down": {"uv": [11, 2.25, 11.375, 2.5], "texture": "#0"}
			}
		},
		{
			"from": [7.6, 14.9, 5.2],
			"to": [7.7, 15.1, 5.7],
			"rotation": {"angle": 0, "axis": "y", "origin": [7.2, 0, 7.2]},
			"faces": {
				"north": {"uv": [11, 2.25, 11.375, 2.5], "texture": "#0"},
				"east": {"uv": [11, 2.25, 11.375, 2.5], "texture": "#0"},
				"south": {"uv": [11, 2.25, 11.375, 2.5], "texture": "#0"},
				"west": {"uv": [11, 2.25, 11.375, 2.5], "texture": "#0"},
				"up": {"uv": [11, 2.25, 11.375, 2.5], "texture": "#0"},
				"down": {"uv": [11, 2.25, 11.375, 2.5], "texture": "#0"}
			}
		},
		{
			"from": [8.6, 14.9, 5.2],
			"to": [8.7, 15.1, 5.7],
			"rotation": {"angle": 0, "axis": "y", "origin": [7.2, 0, 7.2]},
			"faces": {
				"north": {"uv": [11, 2.25, 11.375, 2.5], "texture": "#0"},
				"east": {"uv": [11, 2.25, 11.375, 2.5], "texture": "#0"},
				"south": {"uv": [11, 2.25, 11.375, 2.5], "texture": "#0"},
				"west": {"uv": [11, 2.25, 11.375, 2.5], "texture": "#0"},
				"up": {"uv": [11, 2.25, 11.375, 2.5], "texture": "#0"},
				"down": {"uv": [11, 2.25, 11.375, 2.5], "texture": "#0"}
			}
		},
		{
			"from": [8.4, 14.3, 5.5],
			"to": [8.6, 14.4, 5.7],
			"rotation": {"angle": 0, "axis": "y", "origin": [7.2, 0, 7.2]},
			"faces": {
				"north": {"uv": [11, 2, 11.25, 2.125], "texture": "#0"},
				"east": {"uv": [11, 2, 11.25, 2.125], "texture": "#0"},
				"south": {"uv": [11, 2, 11.25, 2.125], "texture": "#0"},
				"west": {"uv": [11, 2, 11.25, 2.125], "texture": "#0"},
				"up": {"uv": [11, 2, 11.25, 2.125], "texture": "#0"},
				"down": {"uv": [11, 2, 11.25, 2.125], "texture": "#0"}
			}
		},
		{
			"from": [7.4, 14.3, 5.5],
			"to": [7.6, 14.4, 5.7],
			"rotation": {"angle": 0, "axis": "y", "origin": [7.2, 0, 7.2]},
			"faces": {
				"north": {"uv": [11, 2, 11.25, 2.125], "texture": "#0"},
				"east": {"uv": [11, 2, 11.25, 2.125], "texture": "#0"},
				"south": {"uv": [11, 2, 11.25, 2.125], "texture": "#0"},
				"west": {"uv": [11, 2, 11.25, 2.125], "texture": "#0"},
				"up": {"uv": [11, 2, 11.25, 2.125], "texture": "#0"},
				"down": {"uv": [11, 2, 11.25, 2.125], "texture": "#0"}
			}
		},
		{
			"from": [7.4, 15.3, 5.5],
			"to": [7.6, 15.4, 5.7],
			"rotation": {"angle": 0, "axis": "y", "origin": [7.2, 0, 7.2]},
			"faces": {
				"north": {"uv": [11, 2, 11.25, 2.125], "texture": "#0"},
				"east": {"uv": [11, 2, 11.25, 2.125], "texture": "#0"},
				"south": {"uv": [11, 2, 11.25, 2.125], "texture": "#0"},
				"west": {"uv": [11, 2, 11.25, 2.125], "texture": "#0"},
				"up": {"uv": [11, 2, 11.25, 2.125], "texture": "#0"},
				"down": {"uv": [11, 2, 11.25, 2.125], "texture": "#0"}
			}
		},
		{
			"from": [8.4, 15.3, 5.5],
			"to": [8.6, 15.4, 5.7],
			"rotation": {"angle": 0, "axis": "y", "origin": [7.2, 0, 7.2]},
			"faces": {
				"north": {"uv": [11, 2, 11.25, 2.125], "texture": "#0"},
				"east": {"uv": [11, 2, 11.25, 2.125], "texture": "#0"},
				"south": {"uv": [11, 2, 11.25, 2.125], "texture": "#0"},
				"west": {"uv": [11, 2, 11.25, 2.125], "texture": "#0"},
				"up": {"uv": [11, 2, 11.25, 2.125], "texture": "#0"},
				"down": {"uv": [11, 2, 11.25, 2.125], "texture": "#0"}
			}
		},
		{
			"from": [8.4, 13.6, 5.5],
			"to": [8.6, 13.7, 5.7],
			"rotation": {"angle": 0, "axis": "y", "origin": [7.2, 0, 7.2]},
			"faces": {
				"north": {"uv": [11, 2.625, 11.25, 2.75], "texture": "#0"},
				"east": {"uv": [11, 2.625, 11.25, 2.75], "texture": "#0"},
				"south": {"uv": [11, 2.625, 11.25, 2.75], "texture": "#0"},
				"west": {"uv": [11, 2.625, 11.25, 2.75], "texture": "#0"},
				"up": {"uv": [11, 2.625, 11.25, 2.75], "texture": "#0"},
				"down": {"uv": [11, 2.625, 11.25, 2.75], "texture": "#0"}
			}
		},
		{
			"from": [7.4, 13.6, 5.5],
			"to": [7.6, 13.7, 5.7],
			"rotation": {"angle": 0, "axis": "y", "origin": [7.2, 0, 7.2]},
			"faces": {
				"north": {"uv": [11, 2.625, 11.25, 2.75], "texture": "#0"},
				"east": {"uv": [11, 2.625, 11.25, 2.75], "texture": "#0"},
				"south": {"uv": [11, 2.625, 11.25, 2.75], "texture": "#0"},
				"west": {"uv": [11, 2.625, 11.25, 2.75], "texture": "#0"},
				"up": {"uv": [11, 2.625, 11.25, 2.75], "texture": "#0"},
				"down": {"uv": [11, 2.625, 11.25, 2.75], "texture": "#0"}
			}
		},
		{
			"from": [7.4, 14.6, 5.5],
			"to": [7.6, 14.7, 5.7],
			"rotation": {"angle": 0, "axis": "y", "origin": [7.2, 0, 7.2]},
			"faces": {
				"north": {"uv": [11, 2.625, 11.25, 2.75], "texture": "#0"},
				"east": {"uv": [11, 2.625, 11.25, 2.75], "texture": "#0"},
				"south": {"uv": [11, 2.625, 11.25, 2.75], "texture": "#0"},
				"west": {"uv": [11, 2.625, 11.25, 2.75], "texture": "#0"},
				"up": {"uv": [11, 2.625, 11.25, 2.75], "texture": "#0"},
				"down": {"uv": [11, 2.625, 11.25, 2.75], "texture": "#0"}
			}
		},
		{
			"from": [8.4, 14.6, 5.5],
			"to": [8.6, 14.7, 5.7],
			"rotation": {"angle": 0, "axis": "y", "origin": [7.2, 0, 7.2]},
			"faces": {
				"north": {"uv": [11, 2.625, 11.25, 2.75], "texture": "#0"},
				"east": {"uv": [11, 2.625, 11.25, 2.75], "texture": "#0"},
				"south": {"uv": [11, 2.625, 11.25, 2.75], "texture": "#0"},
				"west": {"uv": [11, 2.625, 11.25, 2.75], "texture": "#0"},
				"up": {"uv": [11, 2.625, 11.25, 2.75], "texture": "#0"},
				"down": {"uv": [11, 2.625, 11.25, 2.75], "texture": "#0"}
			}
		},
		{
			"from": [8.4, 13.7, 5.2],
			"to": [8.6, 13.8, 5.7],
			"rotation": {"angle": 0, "axis": "y", "origin": [7.2, 0, 7.2]},
			"faces": {
				"north": {"uv": [11.25, 2.625, 11.375, 2.75], "texture": "#0"},
				"east": {"uv": [11.25, 2.625, 11.375, 2.75], "texture": "#0"},
				"south": {"uv": [11.25, 2.625, 11.375, 2.75], "texture": "#0"},
				"west": {"uv": [11.25, 2.625, 11.375, 2.75], "texture": "#0"},
				"up": {"uv": [11.25, 2.625, 11.375, 2.75], "texture": "#0"},
				"down": {"uv": [11.25, 2.625, 11.375, 2.75], "texture": "#0"}
			}
		},
		{
			"from": [7.4, 13.7, 5.2],
			"to": [7.6, 13.8, 5.7],
			"rotation": {"angle": 0, "axis": "y", "origin": [7.2, 0, 7.2]},
			"faces": {
				"north": {"uv": [11.25, 2.625, 11.375, 2.75], "texture": "#0"},
				"east": {"uv": [11.25, 2.625, 11.375, 2.75], "texture": "#0"},
				"south": {"uv": [11.25, 2.625, 11.375, 2.75], "texture": "#0"},
				"west": {"uv": [11.25, 2.625, 11.375, 2.75], "texture": "#0"},
				"up": {"uv": [11.25, 2.625, 11.375, 2.75], "texture": "#0"},
				"down": {"uv": [11.25, 2.625, 11.375, 2.75], "texture": "#0"}
			}
		},
		{
			"from": [7.4, 14.7, 5.2],
			"to": [7.6, 14.8, 5.7],
			"rotation": {"angle": 0, "axis": "y", "origin": [7.2, 0, 7.2]},
			"faces": {
				"north": {"uv": [11.25, 2.625, 11.375, 2.75], "texture": "#0"},
				"east": {"uv": [11.25, 2.625, 11.375, 2.75], "texture": "#0"},
				"south": {"uv": [11.25, 2.625, 11.375, 2.75], "texture": "#0"},
				"west": {"uv": [11.25, 2.625, 11.375, 2.75], "texture": "#0"},
				"up": {"uv": [11.25, 2.625, 11.375, 2.75], "texture": "#0"},
				"down": {"uv": [11.25, 2.625, 11.375, 2.75], "texture": "#0"}
			}
		},
		{
			"from": [8.4, 14.7, 5.2],
			"to": [8.6, 14.8, 5.7],
			"rotation": {"angle": 0, "axis": "y", "origin": [7.2, 0, 7.2]},
			"faces": {
				"north": {"uv": [11.25, 2.625, 11.375, 2.75], "texture": "#0"},
				"east": {"uv": [11.25, 2.625, 11.375, 2.75], "texture": "#0"},
				"south": {"uv": [11.25, 2.625, 11.375, 2.75], "texture": "#0"},
				"west": {"uv": [11.25, 2.625, 11.375, 2.75], "texture": "#0"},
				"up": {"uv": [11.25, 2.625, 11.375, 2.75], "texture": "#0"},
				"down": {"uv": [11.25, 2.625, 11.375, 2.75], "texture": "#0"}
			}
		},
		{
			"from": [8.4, 13.8, 5.1],
			"to": [8.6, 13.9, 5.7],
			"rotation": {"angle": 0, "axis": "y", "origin": [7.2, 0, 7.2]},
			"faces": {
				"north": {"uv": [11.25, 2.5, 11.5, 2.625], "texture": "#0"},
				"east": {"uv": [11.25, 2.5, 11.5, 2.625], "texture": "#0"},
				"south": {"uv": [11.25, 2.5, 11.5, 2.625], "texture": "#0"},
				"west": {"uv": [11.25, 2.5, 11.5, 2.625], "texture": "#0"},
				"up": {"uv": [11.25, 2.5, 11.5, 2.625], "texture": "#0"},
				"down": {"uv": [11.25, 2.5, 11.5, 2.625], "texture": "#0"}
			}
		},
		{
			"from": [7.4, 13.8, 5.1],
			"to": [7.6, 13.9, 5.7],
			"rotation": {"angle": 0, "axis": "y", "origin": [7.2, 0, 7.2]},
			"faces": {
				"north": {"uv": [11.25, 2.5, 11.5, 2.625], "texture": "#0"},
				"east": {"uv": [11.25, 2.5, 11.5, 2.625], "texture": "#0"},
				"south": {"uv": [11.25, 2.5, 11.5, 2.625], "texture": "#0"},
				"west": {"uv": [11.25, 2.5, 11.5, 2.625], "texture": "#0"},
				"up": {"uv": [11.25, 2.5, 11.5, 2.625], "texture": "#0"},
				"down": {"uv": [11.25, 2.5, 11.5, 2.625], "texture": "#0"}
			}
		},
		{
			"from": [7.4, 14.8, 5.1],
			"to": [7.6, 14.9, 5.7],
			"rotation": {"angle": 0, "axis": "y", "origin": [7.2, 0, 7.2]},
			"faces": {
				"north": {"uv": [11.25, 2.5, 11.5, 2.625], "texture": "#0"},
				"east": {"uv": [11.25, 2.5, 11.5, 2.625], "texture": "#0"},
				"south": {"uv": [11.25, 2.5, 11.5, 2.625], "texture": "#0"},
				"west": {"uv": [11.25, 2.5, 11.5, 2.625], "texture": "#0"},
				"up": {"uv": [11.25, 2.5, 11.5, 2.625], "texture": "#0"},
				"down": {"uv": [11.25, 2.5, 11.5, 2.625], "texture": "#0"}
			}
		},
		{
			"from": [8.4, 14.8, 5.1],
			"to": [8.6, 14.9, 5.7],
			"rotation": {"angle": 0, "axis": "y", "origin": [7.2, 0, 7.2]},
			"faces": {
				"north": {"uv": [11.25, 2.5, 11.5, 2.625], "texture": "#0"},
				"east": {"uv": [11.25, 2.5, 11.5, 2.625], "texture": "#0"},
				"south": {"uv": [11.25, 2.5, 11.5, 2.625], "texture": "#0"},
				"west": {"uv": [11.25, 2.5, 11.5, 2.625], "texture": "#0"},
				"up": {"uv": [11.25, 2.5, 11.5, 2.625], "texture": "#0"},
				"down": {"uv": [11.25, 2.5, 11.5, 2.625], "texture": "#0"}
			}
		},
		{
			"from": [8.4, 14.2, 5.2],
			"to": [8.6, 14.3, 5.7],
			"rotation": {"angle": 0, "axis": "y", "origin": [7.2, 0, 7.2]},
			"faces": {
				"north": {"uv": [11.25, 2, 11.375, 2.125], "texture": "#0"},
				"east": {"uv": [11.25, 2, 11.375, 2.125], "texture": "#0"},
				"south": {"uv": [11.25, 2, 11.375, 2.125], "texture": "#0"},
				"west": {"uv": [11.25, 2, 11.375, 2.125], "texture": "#0"},
				"up": {"uv": [11.25, 2, 11.375, 2.125], "texture": "#0"},
				"down": {"uv": [11.25, 2, 11.375, 2.125], "texture": "#0"}
			}
		},
		{
			"from": [7.4, 14.2, 5.2],
			"to": [7.6, 14.3, 5.7],
			"rotation": {"angle": 0, "axis": "y", "origin": [7.2, 0, 7.2]},
			"faces": {
				"north": {"uv": [11.25, 2, 11.375, 2.125], "texture": "#0"},
				"east": {"uv": [11.25, 2, 11.375, 2.125], "texture": "#0"},
				"south": {"uv": [11.25, 2, 11.375, 2.125], "texture": "#0"},
				"west": {"uv": [11.25, 2, 11.375, 2.125], "texture": "#0"},
				"up": {"uv": [11.25, 2, 11.375, 2.125], "texture": "#0"},
				"down": {"uv": [11.25, 2, 11.375, 2.125], "texture": "#0"}
			}
		},
		{
			"from": [7.4, 15.2, 5.2],
			"to": [7.6, 15.3, 5.7],
			"rotation": {"angle": 0, "axis": "y", "origin": [7.2, 0, 7.2]},
			"faces": {
				"north": {"uv": [11.25, 2, 11.375, 2.125], "texture": "#0"},
				"east": {"uv": [11.25, 2, 11.375, 2.125], "texture": "#0"},
				"south": {"uv": [11.25, 2, 11.375, 2.125], "texture": "#0"},
				"west": {"uv": [11.25, 2, 11.375, 2.125], "texture": "#0"},
				"up": {"uv": [11.25, 2, 11.375, 2.125], "texture": "#0"},
				"down": {"uv": [11.25, 2, 11.375, 2.125], "texture": "#0"}
			}
		},
		{
			"from": [8.4, 15.2, 5.2],
			"to": [8.6, 15.3, 5.7],
			"rotation": {"angle": 0, "axis": "y", "origin": [7.2, 0, 7.2]},
			"faces": {
				"north": {"uv": [11.25, 2, 11.375, 2.125], "texture": "#0"},
				"east": {"uv": [11.25, 2, 11.375, 2.125], "texture": "#0"},
				"south": {"uv": [11.25, 2, 11.375, 2.125], "texture": "#0"},
				"west": {"uv": [11.25, 2, 11.375, 2.125], "texture": "#0"},
				"up": {"uv": [11.25, 2, 11.375, 2.125], "texture": "#0"},
				"down": {"uv": [11.25, 2, 11.375, 2.125], "texture": "#0"}
			}
		},
		{
			"from": [8.4, 14.1, 5.1],
			"to": [8.6, 14.2, 5.7],
			"rotation": {"angle": 0, "axis": "y", "origin": [7.2, 0, 7.2]},
			"faces": {
				"north": {"uv": [11, 2.25, 11.5, 2.5], "texture": "#0"},
				"east": {"uv": [11, 2.25, 11.5, 2.5], "texture": "#0"},
				"south": {"uv": [11, 2.25, 11.5, 2.5], "texture": "#0"},
				"west": {"uv": [11, 2.25, 11.5, 2.5], "texture": "#0"},
				"up": {"uv": [11, 2.25, 11.5, 2.5], "texture": "#0"},
				"down": {"uv": [11, 2.25, 11.5, 2.5], "texture": "#0"}
			}
		},
		{
			"from": [7.4, 14.1, 5.1],
			"to": [7.6, 14.2, 5.7],
			"rotation": {"angle": 0, "axis": "y", "origin": [7.2, 0, 7.2]},
			"faces": {
				"north": {"uv": [11, 2.25, 11.5, 2.5], "texture": "#0"},
				"east": {"uv": [11, 2.25, 11.5, 2.5], "texture": "#0"},
				"south": {"uv": [11, 2.25, 11.5, 2.5], "texture": "#0"},
				"west": {"uv": [11, 2.25, 11.5, 2.5], "texture": "#0"},
				"up": {"uv": [11, 2.25, 11.5, 2.5], "texture": "#0"},
				"down": {"uv": [11, 2.25, 11.5, 2.5], "texture": "#0"}
			}
		},
		{
			"from": [7.4, 15.1, 5.1],
			"to": [7.6, 15.2, 5.7],
			"rotation": {"angle": 0, "axis": "y", "origin": [7.2, 0, 7.2]},
			"faces": {
				"north": {"uv": [11, 2.25, 11.5, 2.5], "texture": "#0"},
				"east": {"uv": [11, 2.25, 11.5, 2.5], "texture": "#0"},
				"south": {"uv": [11, 2.25, 11.5, 2.5], "texture": "#0"},
				"west": {"uv": [11, 2.25, 11.5, 2.5], "texture": "#0"},
				"up": {"uv": [11, 2.25, 11.5, 2.5], "texture": "#0"},
				"down": {"uv": [11, 2.25, 11.5, 2.5], "texture": "#0"}
			}
		},
		{
			"from": [8.4, 15.1, 5.1],
			"to": [8.6, 15.2, 5.7],
			"rotation": {"angle": 0, "axis": "y", "origin": [7.2, 0, 7.2]},
			"faces": {
				"north": {"uv": [11, 2.25, 11.5, 2.5], "texture": "#0"},
				"east": {"uv": [11, 2.25, 11.5, 2.5], "texture": "#0"},
				"south": {"uv": [11, 2.25, 11.5, 2.5], "texture": "#0"},
				"west": {"uv": [11, 2.25, 11.5, 2.5], "texture": "#0"},
				"up": {"uv": [11, 2.25, 11.5, 2.5], "texture": "#0"},
				"down": {"uv": [11, 2.25, 11.5, 2.5], "texture": "#0"}
			}
		},
		{
			"from": [8.4, 13.9, 5],
			"to": [8.6, 14.1, 5.7],
			"rotation": {"angle": 0, "axis": "y", "origin": [7.2, 0, 7.2]},
			"faces": {
				"north": {"uv": [11.375, 2.25, 11.625, 2.5], "texture": "#0"},
				"east": {"uv": [11.375, 2.25, 11.625, 2.5], "texture": "#0"},
				"south": {"uv": [11.375, 2.25, 11.625, 2.5], "texture": "#0"},
				"west": {"uv": [11.375, 2.25, 11.625, 2.5], "texture": "#0"},
				"up": {"uv": [11.375, 2.25, 11.625, 2.5], "texture": "#0"},
				"down": {"uv": [11.375, 2.25, 11.625, 2.5], "texture": "#0"}
			}
		},
		{
			"from": [7.4, 13.9, 5],
			"to": [7.6, 14.1, 5.7],
			"rotation": {"angle": 0, "axis": "y", "origin": [7.2, 0, 7.2]},
			"faces": {
				"north": {"uv": [11.375, 2.25, 11.625, 2.5], "texture": "#0"},
				"east": {"uv": [11.375, 2.25, 11.625, 2.5], "texture": "#0"},
				"south": {"uv": [11.375, 2.25, 11.625, 2.5], "texture": "#0"},
				"west": {"uv": [11.375, 2.25, 11.625, 2.5], "texture": "#0"},
				"up": {"uv": [11.375, 2.25, 11.625, 2.5], "texture": "#0"},
				"down": {"uv": [11.375, 2.25, 11.625, 2.5], "texture": "#0"}
			}
		},
		{
			"from": [7.4, 14.9, 5],
			"to": [7.6, 15.1, 5.7],
			"rotation": {"angle": 0, "axis": "y", "origin": [7.2, 0, 7.2]},
			"faces": {
				"north": {"uv": [11.375, 2.25, 11.625, 2.5], "texture": "#0"},
				"east": {"uv": [11.375, 2.25, 11.625, 2.5], "texture": "#0"},
				"south": {"uv": [11.375, 2.25, 11.625, 2.5], "texture": "#0"},
				"west": {"uv": [11.375, 2.25, 11.625, 2.5], "texture": "#0"},
				"up": {"uv": [11.375, 2.25, 11.625, 2.5], "texture": "#0"},
				"down": {"uv": [11.375, 2.25, 11.625, 2.5], "texture": "#0"}
			}
		},
		{
			"from": [8.4, 14.9, 5],
			"to": [8.6, 15.1, 5.7],
			"rotation": {"angle": 0, "axis": "y", "origin": [7.2, 0, 7.2]},
			"faces": {
				"north": {"uv": [11.375, 2.25, 11.625, 2.5], "texture": "#0"},
				"east": {"uv": [11.375, 2.25, 11.625, 2.5], "texture": "#0"},
				"south": {"uv": [11.375, 2.25, 11.625, 2.5], "texture": "#0"},
				"west": {"uv": [11.375, 2.25, 11.625, 2.5], "texture": "#0"},
				"up": {"uv": [11.375, 2.25, 11.625, 2.5], "texture": "#0"},
				"down": {"uv": [11.375, 2.25, 11.625, 2.5], "texture": "#0"}
			}
		},
		{
			"from": [7.98, 14.42, 10.52],
			"to": [8.16, 14.78, 12.14],
			"rotation": {"angle": 0, "axis": "y", "origin": [6.56, 0, 6.56]},
			"faces": {
				"north": {"uv": [4.5, 1.5, 5.5, 1.75], "texture": "#0"},
				"east": {"uv": [4.5, 1.5, 5.5, 1.75], "texture": "#0"},
				"south": {"uv": [4.5, 1.5, 5.5, 1.75], "texture": "#0"},
				"west": {"uv": [4.5, 1.5, 5.5, 1.75], "texture": "#0"},
				"up": {"uv": [4.5, 1.5, 5.5, 1.75], "texture": "#0"},
				"down": {"uv": [4.5, 1.5, 5.5, 1.75], "texture": "#0"}
			}
		},
		{
			"from": [8.16, 14.42, 10.52],
			"to": [8.34, 14.78, 11.96],
			"rotation": {"angle": 0, "axis": "y", "origin": [6.56, 0, 6.56]},
			"faces": {
				"north": {"uv": [4.5, 1.5, 5.5, 1.75], "texture": "#0"},
				"east": {"uv": [4.5, 1.5, 5.5, 1.75], "texture": "#0"},
				"south": {"uv": [4.5, 1.5, 5.5, 1.75], "texture": "#0"},
				"west": {"uv": [4.5, 1.5, 5.5, 1.75], "texture": "#0"},
				"up": {"uv": [4.5, 1.5, 5.5, 1.75], "texture": "#0"},
				"down": {"uv": [4.5, 1.5, 5.5, 1.75], "texture": "#0"}
			}
		},
		{
			"from": [7.8, 14.42, 10.52],
			"to": [7.98, 14.78, 11.96],
			"rotation": {"angle": 0, "axis": "y", "origin": [6.56, 0, 6.56]},
			"faces": {
				"north": {"uv": [4.5, 1.5, 5.5, 1.75], "texture": "#0"},
				"east": {"uv": [4.5, 1.5, 5.5, 1.75], "texture": "#0"},
				"south": {"uv": [4.5, 1.5, 5.5, 1.75], "texture": "#0"},
				"west": {"uv": [4.5, 1.5, 5.5, 1.75], "texture": "#0"},
				"up": {"uv": [4.5, 1.5, 5.5, 1.75], "texture": "#0"},
				"down": {"uv": [4.5, 1.5, 5.5, 1.75], "texture": "#0"}
			}
		},
		{
			"from": [7.98, 14.24, 10.52],
			"to": [8.16, 14.42, 11.96],
			"rotation": {"angle": 0, "axis": "y", "origin": [6.56, 0, 6.56]},
			"faces": {
				"north": {"uv": [4.625, 1.75, 5.5, 1.875], "texture": "#0"},
				"east": {"uv": [4.625, 1.75, 5.5, 1.875], "texture": "#0"},
				"south": {"uv": [4.625, 1.75, 5.5, 1.875], "texture": "#0"},
				"west": {"uv": [4.625, 1.75, 5.5, 1.875], "texture": "#0"},
				"up": {"uv": [4.625, 1.75, 5.5, 1.875], "texture": "#0"},
				"down": {"uv": [4.625, 1.75, 5.5, 1.875], "texture": "#0"}
			}
		},
		{
			"from": [8.16, 14.24, 10.52],
			"to": [8.34, 14.42, 11.78],
			"rotation": {"angle": 0, "axis": "y", "origin": [6.56, 0, 6.56]},
			"faces": {
				"north": {"uv": [4.625, 1.75, 5.5, 1.875], "texture": "#0"},
				"east": {"uv": [4.625, 1.75, 5.5, 1.875], "texture": "#0"},
				"south": {"uv": [4.625, 1.75, 5.5, 1.875], "texture": "#0"},
				"west": {"uv": [4.625, 1.75, 5.5, 1.875], "texture": "#0"},
				"up": {"uv": [4.625, 1.75, 5.5, 1.875], "texture": "#0"},
				"down": {"uv": [4.625, 1.75, 5.5, 1.875], "texture": "#0"}
			}
		},
		{
			"from": [7.8, 14.24, 10.52],
			"to": [7.98, 14.42, 11.78],
			"rotation": {"angle": 0, "axis": "y", "origin": [6.56, 0, 6.56]},
			"faces": {
				"north": {"uv": [4.625, 1.75, 5.5, 1.875], "texture": "#0"},
				"east": {"uv": [4.625, 1.75, 5.5, 1.875], "texture": "#0"},
				"south": {"uv": [4.625, 1.75, 5.5, 1.875], "texture": "#0"},
				"west": {"uv": [4.625, 1.75, 5.5, 1.875], "texture": "#0"},
				"up": {"uv": [4.625, 1.75, 5.5, 1.875], "texture": "#0"},
				"down": {"uv": [4.625, 1.75, 5.5, 1.875], "texture": "#0"}
			}
		},
		{
			"from": [7.98, 14.06, 10.52],
			"to": [8.16, 14.24, 11.78],
			"rotation": {"angle": 0, "axis": "y", "origin": [6.56, 0, 6.56]},
			"faces": {
				"north": {"uv": [4.75, 1.875, 5.5, 2], "texture": "#0"},
				"east": {"uv": [4.75, 1.875, 5.5, 2], "texture": "#0"},
				"south": {"uv": [4.75, 1.875, 5.5, 2], "texture": "#0"},
				"west": {"uv": [4.75, 1.875, 5.5, 2], "texture": "#0"},
				"up": {"uv": [4.75, 1.875, 5.5, 2], "texture": "#0"},
				"down": {"uv": [4.75, 1.875, 5.5, 2], "texture": "#0"}
			}
		},
		{
			"from": [8.16, 14.06, 10.52],
			"to": [8.34, 14.24, 11.6],
			"rotation": {"angle": 0, "axis": "y", "origin": [6.56, 0, 6.56]},
			"faces": {
				"north": {"uv": [4.75, 1.875, 5.5, 2], "texture": "#0"},
				"east": {"uv": [4.75, 1.875, 5.5, 2], "texture": "#0"},
				"south": {"uv": [4.75, 1.875, 5.5, 2], "texture": "#0"},
				"west": {"uv": [4.75, 1.875, 5.5, 2], "texture": "#0"},
				"up": {"uv": [4.75, 1.875, 5.5, 2], "texture": "#0"},
				"down": {"uv": [4.75, 1.875, 5.5, 2], "texture": "#0"}
			}
		},
		{
			"from": [7.8, 14.06, 10.52],
			"to": [7.98, 14.24, 11.6],
			"rotation": {"angle": 0, "axis": "y", "origin": [6.56, 0, 6.56]},
			"faces": {
				"north": {"uv": [4.75, 1.875, 5.5, 2], "texture": "#0"},
				"east": {"uv": [4.75, 1.875, 5.5, 2], "texture": "#0"},
				"south": {"uv": [4.75, 1.875, 5.5, 2], "texture": "#0"},
				"west": {"uv": [4.75, 1.875, 5.5, 2], "texture": "#0"},
				"up": {"uv": [4.75, 1.875, 5.5, 2], "texture": "#0"},
				"down": {"uv": [4.75, 1.875, 5.5, 2], "texture": "#0"}
			}
		},
		{
			"from": [7.98, 13.7, 10.88],
			"to": [8.16, 13.88, 11.42],
			"rotation": {"angle": 0, "axis": "y", "origin": [6.56, 0, 6.56]},
			"faces": {
				"north": {"uv": [5, 2.125, 5.25, 2.25], "texture": "#0"},
				"east": {"uv": [5, 2.125, 5.25, 2.25], "texture": "#0"},
				"south": {"uv": [5, 2.125, 5.25, 2.25], "texture": "#0"},
				"west": {"uv": [5, 2.125, 5.25, 2.25], "texture": "#0"},
				"up": {"uv": [5, 2.125, 5.25, 2.25], "texture": "#0"},
				"down": {"uv": [5, 2.125, 5.25, 2.25], "texture": "#0"}
			}
		},
		{
			"from": [8.16, 13.7, 10.88],
			"to": [8.34, 13.88, 11.24],
			"rotation": {"angle": 0, "axis": "y", "origin": [6.56, 0, 6.56]},
			"faces": {
				"north": {"uv": [5, 2.125, 5.25, 2.25], "texture": "#0"},
				"east": {"uv": [5, 2.125, 5.25, 2.25], "texture": "#0"},
				"south": {"uv": [5, 2.125, 5.25, 2.25], "texture": "#0"},
				"west": {"uv": [5, 2.125, 5.25, 2.25], "texture": "#0"},
				"up": {"uv": [5, 2.125, 5.25, 2.25], "texture": "#0"},
				"down": {"uv": [5, 2.125, 5.25, 2.25], "texture": "#0"}
			}
		},
		{
			"from": [7.8, 13.7, 10.88],
			"to": [7.98, 13.88, 11.24],
			"rotation": {"angle": 0, "axis": "y", "origin": [6.56, 0, 6.56]},
			"faces": {
				"north": {"uv": [5, 2.125, 5.25, 2.25], "texture": "#0"},
				"east": {"uv": [5, 2.125, 5.25, 2.25], "texture": "#0"},
				"south": {"uv": [5, 2.125, 5.25, 2.25], "texture": "#0"},
				"west": {"uv": [5, 2.125, 5.25, 2.25], "texture": "#0"},
				"up": {"uv": [5, 2.125, 5.25, 2.25], "texture": "#0"},
				"down": {"uv": [5, 2.125, 5.25, 2.25], "texture": "#0"}
			}
		},
		{
			"from": [7.98, 13.88, 10.7],
			"to": [8.16, 14.06, 11.6],
			"rotation": {"angle": 0, "axis": "y", "origin": [6.56, 0, 6.56]},
			"faces": {
				"north": {"uv": [5, 2.125, 5.25, 2.25], "texture": "#0"},
				"east": {"uv": [5, 2.125, 5.25, 2.25], "texture": "#0"},
				"south": {"uv": [5, 2.125, 5.25, 2.25], "texture": "#0"},
				"west": {"uv": [5, 2.125, 5.25, 2.25], "texture": "#0"},
				"up": {"uv": [5, 2.125, 5.25, 2.25], "texture": "#0"},
				"down": {"uv": [5, 2.125, 5.25, 2.25], "texture": "#0"}
			}
		},
		{
			"from": [8.16, 13.88, 10.7],
			"to": [8.34, 14.06, 11.42],
			"rotation": {"angle": 0, "axis": "y", "origin": [6.56, 0, 6.56]},
			"faces": {
				"north": {"uv": [5, 2.125, 5.25, 2.25], "texture": "#0"},
				"east": {"uv": [5, 2.125, 5.25, 2.25], "texture": "#0"},
				"south": {"uv": [5, 2.125, 5.25, 2.25], "texture": "#0"},
				"west": {"uv": [5, 2.125, 5.25, 2.25], "texture": "#0"},
				"up": {"uv": [5, 2.125, 5.25, 2.25], "texture": "#0"},
				"down": {"uv": [5, 2.125, 5.25, 2.25], "texture": "#0"}
			}
		},
		{
			"from": [7.8, 13.88, 10.7],
			"to": [7.98, 14.06, 11.42],
			"rotation": {"angle": 0, "axis": "y", "origin": [6.56, 0, 6.56]},
			"faces": {
				"north": {"uv": [5, 2.125, 5.25, 2.25], "texture": "#0"},
				"east": {"uv": [5, 2.125, 5.25, 2.25], "texture": "#0"},
				"south": {"uv": [5, 2.125, 5.25, 2.25], "texture": "#0"},
				"west": {"uv": [5, 2.125, 5.25, 2.25], "texture": "#0"},
				"up": {"uv": [5, 2.125, 5.25, 2.25], "texture": "#0"},
				"down": {"uv": [5, 2.125, 5.25, 2.25], "texture": "#0"}
			}
		},
		{
			"from": [7.98, 14.78, 10.52],
			"to": [8.16, 14.96, 11.96],
			"rotation": {"angle": 0, "axis": "y", "origin": [6.56, 0, 6.56]},
			"faces": {
				"north": {"uv": [4.625, 1.375, 5.5, 1.5], "texture": "#0"},
				"east": {"uv": [4.625, 1.375, 5.5, 1.5], "texture": "#0"},
				"south": {"uv": [4.625, 1.375, 5.5, 1.5], "texture": "#0"},
				"west": {"uv": [4.625, 1.375, 5.5, 1.5], "texture": "#0"},
				"up": {"uv": [4.625, 1.375, 5.5, 1.5], "texture": "#0"},
				"down": {"uv": [4.625, 1.375, 5.5, 1.5], "texture": "#0"}
			}
		},
		{
			"from": [8.16, 14.78, 10.52],
			"to": [8.34, 14.96, 11.78],
			"rotation": {"angle": 0, "axis": "y", "origin": [6.56, 0, 6.56]},
			"faces": {
				"north": {"uv": [4.625, 1.375, 5.5, 1.5], "texture": "#0"},
				"east": {"uv": [4.625, 1.375, 5.5, 1.5], "texture": "#0"},
				"south": {"uv": [4.625, 1.375, 5.5, 1.5], "texture": "#0"},
				"west": {"uv": [4.625, 1.375, 5.5, 1.5], "texture": "#0"},
				"up": {"uv": [4.625, 1.375, 5.5, 1.5], "texture": "#0"},
				"down": {"uv": [4.625, 1.375, 5.5, 1.5], "texture": "#0"}
			}
		},
		{
			"from": [7.8, 14.78, 10.52],
			"to": [7.98, 14.96, 11.78],
			"rotation": {"angle": 0, "axis": "y", "origin": [6.56, 0, 6.56]},
			"faces": {
				"north": {"uv": [4.625, 1.375, 5.5, 1.5], "texture": "#0"},
				"east": {"uv": [4.625, 1.375, 5.5, 1.5], "texture": "#0"},
				"south": {"uv": [4.625, 1.375, 5.5, 1.5], "texture": "#0"},
				"west": {"uv": [4.625, 1.375, 5.5, 1.5], "texture": "#0"},
				"up": {"uv": [4.625, 1.375, 5.5, 1.5], "texture": "#0"},
				"down": {"uv": [4.625, 1.375, 5.5, 1.5], "texture": "#0"}
			}
		},
		{
			"from": [7.98, 14.96, 10.52],
			"to": [8.16, 15.14, 11.78],
			"rotation": {"angle": 0, "axis": "y", "origin": [6.56, 0, 6.56]},
			"faces": {
				"north": {"uv": [4.75, 1.25, 5.5, 1.375], "texture": "#0"},
				"east": {"uv": [4.75, 1.25, 5.5, 1.375], "texture": "#0"},
				"south": {"uv": [4.75, 1.25, 5.5, 1.375], "texture": "#0"},
				"west": {"uv": [4.75, 1.25, 5.5, 1.375], "texture": "#0"},
				"up": {"uv": [4.75, 1.25, 5.5, 1.375], "texture": "#0"},
				"down": {"uv": [4.75, 1.25, 5.5, 1.375], "texture": "#0"}
			}
		},
		{
			"from": [8.16, 14.96, 10.52],
			"to": [8.34, 15.14, 11.6],
			"rotation": {"angle": 0, "axis": "y", "origin": [6.56, 0, 6.56]},
			"faces": {
				"north": {"uv": [4.75, 1.25, 5.5, 1.375], "texture": "#0"},
				"east": {"uv": [4.75, 1.25, 5.5, 1.375], "texture": "#0"},
				"south": {"uv": [4.75, 1.25, 5.5, 1.375], "texture": "#0"},
				"west": {"uv": [4.75, 1.25, 5.5, 1.375], "texture": "#0"},
				"up": {"uv": [4.75, 1.25, 5.5, 1.375], "texture": "#0"},
				"down": {"uv": [4.75, 1.25, 5.5, 1.375], "texture": "#0"}
			}
		},
		{
			"from": [7.8, 14.96, 10.52],
			"to": [7.98, 15.14, 11.6],
			"rotation": {"angle": 0, "axis": "y", "origin": [6.56, 0, 6.56]},
			"faces": {
				"north": {"uv": [4.75, 1.25, 5.5, 1.375], "texture": "#0"},
				"east": {"uv": [4.75, 1.25, 5.5, 1.375], "texture": "#0"},
				"south": {"uv": [4.75, 1.25, 5.5, 1.375], "texture": "#0"},
				"west": {"uv": [4.75, 1.25, 5.5, 1.375], "texture": "#0"},
				"up": {"uv": [4.75, 1.25, 5.5, 1.375], "texture": "#0"},
				"down": {"uv": [4.75, 1.25, 5.5, 1.375], "texture": "#0"}
			}
		},
		{
			"from": [7.98, 15.14, 10.7],
			"to": [8.16, 15.32, 11.6],
			"rotation": {"angle": 0, "axis": "y", "origin": [6.56, 0, 6.56]},
			"faces": {
				"north": {"uv": [4.875, 1.125, 5.375, 1.25], "texture": "#0"},
				"east": {"uv": [4.875, 1.125, 5.375, 1.25], "texture": "#0"},
				"south": {"uv": [4.875, 1.125, 5.375, 1.25], "texture": "#0"},
				"west": {"uv": [4.875, 1.125, 5.375, 1.25], "texture": "#0"},
				"up": {"uv": [4.875, 1.125, 5.375, 1.25], "texture": "#0"},
				"down": {"uv": [4.875, 1.125, 5.375, 1.25], "texture": "#0"}
			}
		},
		{
			"from": [8.16, 15.14, 10.7],
			"to": [8.34, 15.32, 11.42],
			"rotation": {"angle": 0, "axis": "y", "origin": [6.56, 0, 6.56]},
			"faces": {
				"north": {"uv": [4.875, 1.125, 5.375, 1.25], "texture": "#0"},
				"east": {"uv": [4.875, 1.125, 5.375, 1.25], "texture": "#0"},
				"south": {"uv": [4.875, 1.125, 5.375, 1.25], "texture": "#0"},
				"west": {"uv": [4.875, 1.125, 5.375, 1.25], "texture": "#0"},
				"up": {"uv": [4.875, 1.125, 5.375, 1.25], "texture": "#0"},
				"down": {"uv": [4.875, 1.125, 5.375, 1.25], "texture": "#0"}
			}
		},
		{
			"from": [7.8, 15.14, 10.7],
			"to": [7.98, 15.32, 11.42],
			"rotation": {"angle": 0, "axis": "y", "origin": [6.56, 0, 6.56]},
			"faces": {
				"north": {"uv": [4.875, 1.125, 5.375, 1.25], "texture": "#0"},
				"east": {"uv": [4.875, 1.125, 5.375, 1.25], "texture": "#0"},
				"south": {"uv": [4.875, 1.125, 5.375, 1.25], "texture": "#0"},
				"west": {"uv": [4.875, 1.125, 5.375, 1.25], "texture": "#0"},
				"up": {"uv": [4.875, 1.125, 5.375, 1.25], "texture": "#0"},
				"down": {"uv": [4.875, 1.125, 5.375, 1.25], "texture": "#0"}
			}
		},
		{
			"from": [7.98, 15.32, 10.88],
			"to": [8.16, 15.5, 11.42],
			"rotation": {"angle": 0, "axis": "y", "origin": [6.56, 0, 6.56]},
			"faces": {
				"north": {"uv": [5, 1, 5.25, 1.125], "texture": "#0"},
				"east": {"uv": [5, 1, 5.25, 1.125], "texture": "#0"},
				"south": {"uv": [5, 1, 5.25, 1.125], "texture": "#0"},
				"west": {"uv": [5, 1, 5.25, 1.125], "texture": "#0"},
				"up": {"uv": [5, 1, 5.25, 1.125], "texture": "#0"},
				"down": {"uv": [5, 1, 5.25, 1.125], "texture": "#0"}
			}
		},
		{
			"from": [8.16, 15.32, 10.88],
			"to": [8.34, 15.5, 11.24],
			"rotation": {"angle": 0, "axis": "y", "origin": [6.56, 0, 6.56]},
			"faces": {
				"north": {"uv": [5, 1, 5.25, 1.125], "texture": "#0"},
				"east": {"uv": [5, 1, 5.25, 1.125], "texture": "#0"},
				"south": {"uv": [5, 1, 5.25, 1.125], "texture": "#0"},
				"west": {"uv": [5, 1, 5.25, 1.125], "texture": "#0"},
				"up": {"uv": [5, 1, 5.25, 1.125], "texture": "#0"},
				"down": {"uv": [5, 1, 5.25, 1.125], "texture": "#0"}
			}
		},
		{
			"from": [7.8, 15.32, 10.88],
			"to": [7.98, 15.5, 11.24],
			"rotation": {"angle": 0, "axis": "y", "origin": [6.56, 0, 6.56]},
			"faces": {
				"north": {"uv": [5, 1, 5.25, 1.125], "texture": "#0"},
				"east": {"uv": [5, 1, 5.25, 1.125], "texture": "#0"},
				"south": {"uv": [5, 1, 5.25, 1.125], "texture": "#0"},
				"west": {"uv": [5, 1, 5.25, 1.125], "texture": "#0"},
				"up": {"uv": [5, 1, 5.25, 1.125], "texture": "#0"},
				"down": {"uv": [5, 1, 5.25, 1.125], "texture": "#0"}
			}
		}
	],
	"display": {
		"thirdperson_righthand": {
			"rotation": [0, 0, -2.25],
			"translation": [0, 2.5, 1.5],
			"scale": [3, 2.5, 2.5]
		},
		"thirdperson_lefthand": {
			"rotation": [0, 0, -2.25],
			"translation": [0, 2.5, 1.5],
			"scale": [3, 2.5, 2.5]
		},
		"firstperson_righthand": {
			"rotation": [0, 0, -13.75],
			"translation": [0, 0.25, 1.5],
			"scale": [2.5, 2.5, 2.5]
		},
		"firstperson_lefthand": {
			"rotation": [0, 0, -13.75],
			"translation": [0, 0.25, 1.5],
			"scale": [2.5, 2.5, 2.5]
		},
		"ground": {
			"rotation": [0.76, -0.03, 85.32],
			"scale": [1.75, 1.75, 1.75]
		},
		"gui": {
			"rotation": [67, 44, -79],
			"translation": [-0.5, -0.5, 0]
		},
		"head": {
			"rotation": [0, 0, -2.25],
			"translation": [0, 30.25, -0.5],
			"scale": [3, 3, 3]
		},
		"fixed": {
			"rotation": [0, 90, 0],
			"translation": [0, 0, -2],
			"scale": [2.14, 1.07, 1.4]
		}
	},
	"groups": [
		0,
		1,
		2,
		3,
		4,
		5,
		6,
		7,
		8,
		9,
		{
			"name": "group",
			"origin": [6.56, 0, 6.56],
			"color": 0,
			"children": [
				10,
				11,
				12,
				13,
				14,
				15,
				16,
				17,
				18,
				19,
				20,
				21,
				22,
				23,
				24,
				25,
				26,
				27,
				28,
				29,
				30,
				31,
				32,
				33,
				34,
				35,
				36,
				37,
				38,
				39,
				40,
				41,
				42,
				43,
				44,
				45,
				46,
				47,
				48,
				49,
				50,
				51,
				52,
				53,
				54,
				55,
				56,
				57,
				58,
				59,
				60,
				61,
				62,
				63,
				64,
				65,
				66,
				67,
				68,
				69,
				70,
				71,
				72,
				73,
				74,
				75,
				76,
				77,
				78,
				79,
				80,
				81,
				82,
				83,
				84,
				85,
				86,
				87,
				88,
				89,
				90,
				91,
				92,
				93,
				94,
				95,
				96,
				97,
				98,
				99
			]
		}
	]
}