{
	"credit": "minecraftrp.com.br",
	"textures": {
		"0": "custom/decoration/christmas_tree",
		"particle": "custom/decoration/christmas_tree"
	},
	"elements": [
		{
			"from": [7, 0.17188, 7],
			"to": [9, 14, 9],
			"faces": {
				"north": {"uv": [0.032, 0.032, 0.968, 6.968], "texture": "#0"},
				"east": {"uv": [0.532, 1.032, 1.468, 7.968], "texture": "#0"},
				"south": {"uv": [0.032, 1.032, 0.968, 7.968], "texture": "#0"},
				"west": {"uv": [0.032, 6.032, 0.968, 12.968], "texture": "#0"},
				"up": {"uv": [0.032, 0.032, 0.968, 0.968], "texture": "#0"},
				"down": {"uv": [0.032, 0.032, 0.968, 0.968], "texture": "#0"}
			}
		},
		{
			"from": [7.5, 14, 7.5],
			"to": [8.5, 28, 8.5],
			"faces": {
				"north": {"uv": [0.032, 7.032, 0.468, 13.968], "texture": "#0"},
				"east": {"uv": [1.032, 6.532, 1.468, 13.468], "texture": "#0"},
				"south": {"uv": [0.532, 8.532, 0.968, 15.468], "texture": "#0"},
				"west": {"uv": [0.032, 0.032, 0.468, 6.968], "texture": "#0"},
				"up": {"uv": [0.532, 2.532, 0.968, 2.968], "texture": "#0"},
				"down": {"uv": [0.532, 2.532, 0.968, 2.968], "texture": "#0"}
			}
		},
		{
			"from": [6.7448, 0, 4.98744],
			"to": [9.2448, 1, 6.48744],
			"rotation": {"angle": -45, "axis": "y", "origin": [7.9948, 8, 7.98744]},
			"faces": {
				"north": {"uv": [1.75, 0.25, 2.25, 0.75], "texture": "#0"},
				"east": {"uv": [1.75, 0.25, 2.25, 0.75], "texture": "#0"},
				"south": {"uv": [1.75, 0.25, 2.25, 0.75], "texture": "#0"},
				"west": {"uv": [1.75, 0.25, 2.25, 0.75], "texture": "#0"},
				"up": {"uv": [1.75, 0.25, 2.25, 0.75], "texture": "#0"},
				"down": {"uv": [1.75, 0.25, 2.25, 0.75], "texture": "#0"}
			}
		},
		{
			"from": [6.73223, 0, 4.98223],
			"to": [9.23223, 1, 6.48223],
			"rotation": {"angle": 0, "axis": "y", "origin": [7.98223, 8, 7.98223]},
			"faces": {
				"north": {"uv": [1.75, 0.25, 2.25, 0.75], "texture": "#0"},
				"east": {"uv": [1.75, 0.25, 2.25, 0.75], "texture": "#0"},
				"south": {"uv": [1.75, 0.25, 2.25, 0.75], "texture": "#0"},
				"west": {"uv": [1.75, 0.25, 2.25, 0.75], "texture": "#0"},
				"up": {"uv": [1.75, 0.25, 2.25, 0.75], "texture": "#0"},
				"down": {"uv": [1.75, 0.25, 2.25, 0.75], "texture": "#0"}
			}
		},
		{
			"from": [6.71967, 0, 4.98744],
			"to": [9.21967, 1, 6.48744],
			"rotation": {"angle": 45, "axis": "y", "origin": [7.96967, 8, 7.98744]},
			"faces": {
				"north": {"uv": [1.75, 0.25, 2.25, 0.75], "texture": "#0"},
				"east": {"uv": [1.75, 0.25, 2.25, 0.75], "texture": "#0"},
				"south": {"uv": [1.75, 0.25, 2.25, 0.75], "texture": "#0"},
				"west": {"uv": [1.75, 0.25, 2.25, 0.75], "texture": "#0"},
				"up": {"uv": [1.75, 0.25, 2.25, 0.75], "texture": "#0"},
				"down": {"uv": [1.75, 0.25, 2.25, 0.75], "texture": "#0"}
			}
		},
		{
			"from": [4.96447, 0, 6.75],
			"to": [6.46447, 1, 9.25],
			"rotation": {"angle": 0, "axis": "y", "origin": [7.96447, 8, 8]},
			"faces": {
				"north": {"uv": [1.75, 0.25, 2.25, 0.75], "texture": "#0"},
				"east": {"uv": [1.75, 0.25, 2.25, 0.75], "texture": "#0"},
				"south": {"uv": [1.75, 0.25, 2.25, 0.75], "texture": "#0"},
				"west": {"uv": [1.75, 0.25, 2.25, 0.75], "texture": "#0"},
				"up": {"uv": [1.75, 0.25, 2.25, 0.75], "texture": "#0"},
				"down": {"uv": [1.75, 0.25, 2.25, 0.75], "texture": "#0"}
			}
		},
		{
			"from": [4.96967, 0, 6.76256],
			"to": [6.46967, 1, 9.26256],
			"rotation": {"angle": 45, "axis": "y", "origin": [7.96967, 8, 8.01256]},
			"faces": {
				"north": {"uv": [1.75, 0.25, 2.25, 0.75], "texture": "#0"},
				"east": {"uv": [1.75, 0.25, 2.25, 0.75], "texture": "#0"},
				"south": {"uv": [1.75, 0.25, 2.25, 0.75], "texture": "#0"},
				"west": {"uv": [1.75, 0.25, 2.25, 0.75], "texture": "#0"},
				"up": {"uv": [1.75, 0.25, 2.25, 0.75], "texture": "#0"},
				"down": {"uv": [1.75, 0.25, 2.25, 0.75], "texture": "#0"}
			}
		},
		{
			"from": [6.73223, 0, 9.51777],
			"to": [9.23223, 1, 11.01777],
			"rotation": {"angle": 0, "axis": "y", "origin": [7.98223, 8, 8.01777]},
			"faces": {
				"north": {"uv": [1.75, 0.25, 2.25, 0.75], "texture": "#0"},
				"east": {"uv": [1.75, 0.25, 2.25, 0.75], "texture": "#0"},
				"south": {"uv": [1.75, 0.25, 2.25, 0.75], "texture": "#0"},
				"west": {"uv": [1.75, 0.25, 2.25, 0.75], "texture": "#0"},
				"up": {"uv": [1.75, 0.25, 2.25, 0.75], "texture": "#0"},
				"down": {"uv": [1.75, 0.25, 2.25, 0.75], "texture": "#0"}
			}
		},
		{
			"from": [6.7448, 0, 9.51256],
			"to": [9.2448, 1, 11.01256],
			"rotation": {"angle": 45, "axis": "y", "origin": [7.9948, 8, 8.01256]},
			"faces": {
				"north": {"uv": [1.75, 0.25, 2.25, 0.75], "texture": "#0"},
				"east": {"uv": [1.75, 0.25, 2.25, 0.75], "texture": "#0"},
				"south": {"uv": [1.75, 0.25, 2.25, 0.75], "texture": "#0"},
				"west": {"uv": [1.75, 0.25, 2.25, 0.75], "texture": "#0"},
				"up": {"uv": [1.75, 0.25, 2.25, 0.75], "texture": "#0"},
				"down": {"uv": [1.75, 0.25, 2.25, 0.75], "texture": "#0"}
			}
		},
		{
			"from": [9.5, 0, 6.75],
			"to": [11, 1, 9.25],
			"rotation": {"angle": 0, "axis": "y", "origin": [8, 8, 8]},
			"faces": {
				"north": {"uv": [1.75, 0.25, 2.25, 0.75], "texture": "#0"},
				"east": {"uv": [1.75, 0.25, 2.25, 0.75], "texture": "#0"},
				"south": {"uv": [1.75, 0.25, 2.25, 0.75], "texture": "#0"},
				"west": {"uv": [1.75, 0.25, 2.25, 0.75], "texture": "#0"},
				"up": {"uv": [1.75, 0.25, 2.25, 0.75], "texture": "#0"},
				"down": {"uv": [1.75, 0.25, 2.25, 0.75], "texture": "#0"}
			}
		},
		{
			"from": [6.4375, 0.03125, 6.48438],
			"to": [9.59375, 0.5, 9.53125],
			"rotation": {"angle": 0, "axis": "y", "origin": [8, 8, 8]},
			"faces": {
				"up": {"uv": [2.75, 0.25, 3.25, 0.75], "texture": "#0"},
				"down": {"uv": [1.75, 0.25, 2.25, 0.75], "texture": "#0"}
			}
		},
		{
			"from": [6, 6, -2],
			"to": [10, 7, 7],
			"rotation": {"angle": -22.5, "axis": "x", "origin": [8, 8, 8]},
			"faces": {
				"north": {"uv": [7.032, 0.032, 8.968, 0.468], "texture": "#0"},
				"east": {"uv": [7.032, 0.032, 11.468, 0.468], "texture": "#0"},
				"south": {"uv": [7.032, 0.032, 8.968, 0.468], "texture": "#0"},
				"west": {"uv": [7.032, 0.032, 11.468, 0.468], "texture": "#0"},
				"up": {"uv": [7.032, 0.032, 8.968, 4.468], "texture": "#0"},
				"down": {"uv": [7.032, 0.032, 8.968, 4.468], "texture": "#0"}
			}
		},
		{
			"from": [9, 5.5, 6],
			"to": [17, 6.5, 10],
			"rotation": {"angle": -22.5, "axis": "z", "origin": [8, 8, 8]},
			"faces": {
				"north": {"uv": [7.032, 0.032, 10.968, 0.468], "texture": "#0"},
				"east": {"uv": [7.032, 0.032, 8.968, 0.468], "texture": "#0"},
				"south": {"uv": [7.032, 0.032, 10.968, 0.468], "texture": "#0"},
				"west": {"uv": [7.032, 0.032, 8.968, 0.468], "texture": "#0"},
				"up": {"uv": [11.532, 4.032, 15.468, 5.968], "texture": "#0"},
				"down": {"uv": [7.032, 0.032, 10.968, 1.968], "texture": "#0"}
			}
		},
		{
			"from": [-1, 6.5, 6],
			"to": [7, 7.5, 10],
			"rotation": {"angle": 22.5, "axis": "z", "origin": [8, 8, 8]},
			"faces": {
				"north": {"uv": [7.032, 0.032, 10.968, 0.468], "texture": "#0"},
				"east": {"uv": [7.032, 0.032, 8.968, 0.468], "texture": "#0"},
				"south": {"uv": [7.032, 0.032, 10.968, 0.468], "texture": "#0"},
				"west": {"uv": [7.032, 0.032, 8.968, 0.468], "texture": "#0"},
				"up": {"uv": [9.532, 4.032, 13.468, 5.968], "texture": "#0"},
				"down": {"uv": [7.032, 0.032, 10.968, 1.968], "texture": "#0"}
			}
		},
		{
			"from": [6, 6, 10],
			"to": [10, 7, 17],
			"rotation": {"angle": 22.5, "axis": "x", "origin": [8, 8, 8]},
			"faces": {
				"north": {"uv": [7.032, 0.032, 8.968, 0.468], "texture": "#0"},
				"east": {"uv": [7.032, 0.032, 10.468, 0.468], "texture": "#0"},
				"south": {"uv": [7.032, 0.032, 8.968, 0.468], "texture": "#0"},
				"west": {"uv": [7.032, 0.032, 10.468, 0.468], "texture": "#0"},
				"up": {"uv": [7.032, 0.032, 8.968, 3.468], "texture": "#0"},
				"down": {"uv": [7.032, 0.032, 8.968, 3.468], "texture": "#0"}
			}
		},
		{
			"from": [7, 4, 9],
			"to": [9, 5, 16],
			"rotation": {"angle": -45, "axis": "y", "origin": [8, 8, 8]},
			"faces": {
				"north": {"uv": [7.032, 0.032, 7.968, 0.468], "texture": "#0"},
				"east": {"uv": [7.032, 0.032, 10.468, 0.468], "texture": "#0"},
				"south": {"uv": [7.032, 0.032, 7.968, 0.468], "texture": "#0"},
				"west": {"uv": [7.032, 0.032, 10.468, 0.468], "texture": "#0"},
				"up": {"uv": [9.532, 2.032, 10.468, 5.468], "texture": "#0"},
				"down": {"uv": [10.532, 2.032, 11.468, 5.468], "texture": "#0"}
			}
		},
		{
			"from": [7, 5, 8],
			"to": [10, 6, 15],
			"rotation": {"angle": 45, "axis": "y", "origin": [8, 8, 8]},
			"faces": {
				"north": {"uv": [7.032, 0.032, 8.468, 0.468], "texture": "#0"},
				"east": {"uv": [7.032, 0.032, 10.468, 0.468], "texture": "#0"},
				"south": {"uv": [7.032, 0.032, 8.468, 0.468], "texture": "#0"},
				"west": {"uv": [7.032, 0.032, 10.468, 0.468], "texture": "#0"},
				"up": {"uv": [9.532, 2.032, 10.968, 5.468], "texture": "#0"},
				"down": {"uv": [7.032, 0.032, 8.468, 3.468], "texture": "#0"}
			}
		},
		{
			"from": [7, 17, 3],
			"to": [10, 18, 13],
			"rotation": {"angle": 45, "axis": "y", "origin": [8, 8, 8]},
			"faces": {
				"north": {"uv": [7.032, 0.032, 8.468, 0.468], "texture": "#0"},
				"east": {"uv": [7.032, 0.032, 11.968, 0.468], "texture": "#0"},
				"south": {"uv": [7.032, 0.032, 8.468, 0.468], "texture": "#0"},
				"west": {"uv": [7.032, 0.032, 11.968, 0.468], "texture": "#0"},
				"up": {"uv": [9.532, 2.032, 10.968, 6.968], "texture": "#0"},
				"down": {"uv": [7.032, 0.032, 8.468, 4.968], "texture": "#0"}
			}
		},
		{
			"from": [7, 9, 2],
			"to": [10, 10, 14],
			"rotation": {"angle": 45, "axis": "y", "origin": [8, 8, 8]},
			"faces": {
				"north": {"uv": [7.032, 0.032, 8.468, 0.468], "texture": "#0"},
				"east": {"uv": [7.032, 0.032, 12.968, 0.468], "texture": "#0"},
				"south": {"uv": [7.032, 0.032, 8.468, 0.468], "texture": "#0"},
				"west": {"uv": [7.032, 0.032, 12.968, 0.468], "texture": "#0"},
				"up": {"uv": [9.532, 1.032, 10.968, 6.968], "texture": "#0"},
				"down": {"uv": [7.032, 0.032, 8.468, 5.968], "texture": "#0"}
			}
		},
		{
			"from": [7, 24, 6],
			"to": [10, 25, 11],
			"rotation": {"angle": 0, "axis": "y", "origin": [8, 8, 8]},
			"faces": {
				"north": {"uv": [7.032, 0.032, 8.468, 0.468], "texture": "#0"},
				"east": {"uv": [7.032, 0.032, 9.468, 0.468], "texture": "#0"},
				"south": {"uv": [7.032, 0.032, 8.468, 0.468], "texture": "#0"},
				"west": {"uv": [7.032, 0.032, 9.468, 0.468], "texture": "#0"},
				"up": {"uv": [9.532, 2.032, 10.968, 4.468], "texture": "#0"},
				"down": {"uv": [7.032, 0.032, 8.468, 2.468], "texture": "#0"}
			}
		},
		{
			"from": [7, 22, 9.5],
			"to": [10, 23, 14.5],
			"rotation": {"angle": -22.5, "axis": "x", "origin": [8, 8, 8]},
			"faces": {
				"north": {"uv": [7.032, 0.032, 8.468, 0.468], "texture": "#0"},
				"east": {"uv": [7.032, 0.032, 9.468, 0.468], "texture": "#0"},
				"south": {"uv": [7.032, 0.032, 8.468, 0.468], "texture": "#0"},
				"west": {"uv": [7.032, 0.032, 9.468, 0.468], "texture": "#0"},
				"up": {"uv": [9.532, 2.032, 10.968, 4.468], "texture": "#0"},
				"down": {"uv": [7.032, 0.032, 8.468, 2.468], "texture": "#0"}
			}
		},
		{
			"from": [7, 21.07813, 17.5],
			"to": [10, 22.07813, 22.5],
			"rotation": {"angle": -45, "axis": "x", "origin": [8, 8, 8]},
			"faces": {
				"north": {"uv": [7.032, 0.032, 8.468, 0.468], "texture": "#0"},
				"east": {"uv": [7.032, 0.032, 9.468, 0.468], "texture": "#0"},
				"south": {"uv": [7.032, 0.032, 8.468, 0.468], "texture": "#0"},
				"west": {"uv": [7.032, 0.032, 9.468, 0.468], "texture": "#0"},
				"up": {"uv": [9.532, 2.032, 10.968, 4.468], "texture": "#0"},
				"down": {"uv": [7.032, 0.032, 8.468, 2.468], "texture": "#0"}
			}
		},
		{
			"from": [7, 26, 7],
			"to": [9, 28, 9],
			"rotation": {"angle": 0, "axis": "x", "origin": [8, 8, 8]},
			"faces": {
				"north": {"uv": [7.032, 0.032, 7.968, 0.968], "texture": "#0"},
				"east": {"uv": [7.032, 0.032, 7.968, 0.968], "texture": "#0"},
				"south": {"uv": [7.032, 0.032, 7.968, 0.968], "texture": "#0"},
				"west": {"uv": [7.032, 0.032, 7.968, 0.968], "texture": "#0"},
				"up": {"uv": [9.532, 2.032, 10.468, 2.968], "texture": "#0"},
				"down": {"uv": [7.032, 0.032, 7.968, 0.968], "texture": "#0"}
			}
		},
		{
			"from": [3, 12.5, 6],
			"to": [10, 13.5, 9],
			"rotation": {"angle": 22.5, "axis": "z", "origin": [8, 8, 8]},
			"faces": {
				"north": {"uv": [7.032, 0.032, 10.468, 0.468], "texture": "#0"},
				"east": {"uv": [7.032, 0.032, 8.468, 0.468], "texture": "#0"},
				"south": {"uv": [7.032, 0.032, 10.468, 0.468], "texture": "#0"},
				"west": {"uv": [7.032, 0.032, 8.468, 0.468], "texture": "#0"},
				"up": {"uv": [11.532, 0.532, 14.968, 1.968], "texture": "#0"},
				"down": {"uv": [9.532, 2.032, 12.968, 3.468], "texture": "#0"}
			}
		},
		{
			"from": [6, 12.5, 8],
			"to": [13, 13.5, 11],
			"rotation": {"angle": -22.5, "axis": "z", "origin": [8, 8, 8]},
			"faces": {
				"north": {"uv": [7.032, 0.032, 10.468, 0.468], "texture": "#0"},
				"east": {"uv": [7.032, 0.032, 8.468, 0.468], "texture": "#0"},
				"south": {"uv": [7.032, 0.032, 10.468, 0.468], "texture": "#0"},
				"west": {"uv": [7.032, 0.032, 8.468, 0.468], "texture": "#0"},
				"up": {"uv": [7.032, 0.032, 10.468, 1.468], "texture": "#0"},
				"down": {"uv": [7.032, 0.032, 10.468, 1.468], "texture": "#0"}
			}
		},
		{
			"from": [7, 17.07813, -2.5],
			"to": [10, 18.07813, 4.5],
			"rotation": {"angle": 45, "axis": "x", "origin": [8, 8, 8]},
			"faces": {
				"north": {"uv": [7.032, 0.032, 8.468, 0.468], "texture": "#0"},
				"east": {"uv": [7.032, 0.032, 10.468, 0.468], "texture": "#0"},
				"south": {"uv": [7.032, 0.032, 8.468, 0.468], "texture": "#0"},
				"west": {"uv": [7.032, 0.032, 10.468, 0.468], "texture": "#0"},
				"up": {"uv": [9.532, 2.032, 10.968, 5.468], "texture": "#0"},
				"down": {"uv": [7.032, 0.032, 8.468, 3.468], "texture": "#0"}
			}
		},
		{
			"from": [6, 11.76563, -2.45312],
			"to": [10, 12.76563, 5.54688],
			"rotation": {"angle": -22.5, "axis": "x", "origin": [8, 18, 8]},
			"faces": {
				"north": {"uv": [7.032, 0.032, 8.968, 0.468], "texture": "#0"},
				"east": {"uv": [7.032, 0.032, 10.968, 0.468], "texture": "#0"},
				"south": {"uv": [7.032, 0.032, 8.968, 0.468], "texture": "#0"},
				"west": {"uv": [7.032, 0.032, 10.968, 0.468], "texture": "#0"},
				"up": {"uv": [7.032, 0.032, 8.968, 3.968], "texture": "#0"},
				"down": {"uv": [7.032, 0.032, 8.968, 3.968], "texture": "#0"}
			}
		},
		{
			"from": [9, 15.5, 6],
			"to": [15, 16.5, 10],
			"rotation": {"angle": -22.5, "axis": "z", "origin": [8, 18, 8]},
			"faces": {
				"north": {"uv": [7.032, 0.032, 9.968, 0.468], "texture": "#0"},
				"east": {"uv": [7.032, 0.032, 8.968, 0.468], "texture": "#0"},
				"south": {"uv": [7.032, 0.032, 9.968, 0.468], "texture": "#0"},
				"west": {"uv": [7.032, 0.032, 8.968, 0.468], "texture": "#0"},
				"up": {"uv": [7.032, 0.032, 9.968, 1.968], "texture": "#0"},
				"down": {"uv": [8.532, 2.532, 11.468, 4.468], "texture": "#0"}
			}
		},
		{
			"from": [6, 9.82813, 6.48438],
			"to": [10, 10.82813, 13.48438],
			"rotation": {"angle": 22.5, "axis": "x", "origin": [8, 5.57813, 8.70313]},
			"faces": {
				"north": {"uv": [7.032, 0.032, 8.968, 0.468], "texture": "#0"},
				"east": {"uv": [7.032, 0.032, 10.468, 0.468], "texture": "#0"},
				"south": {"uv": [7.032, 0.032, 8.968, 0.468], "texture": "#0"},
				"west": {"uv": [7.032, 0.032, 10.468, 0.468], "texture": "#0"},
				"up": {"uv": [7.032, 0.032, 8.968, 3.468], "texture": "#0"},
				"down": {"uv": [7.032, 0.032, 8.968, 3.468], "texture": "#0"}
			}
		},
		{
			"from": [7, 11.07813, 3.5],
			"to": [10, 12.07813, 9.5],
			"rotation": {"angle": 22.5, "axis": "x", "origin": [8, 2, 14]},
			"faces": {
				"north": {"uv": [7.032, 0.032, 8.468, 0.468], "texture": "#0"},
				"east": {"uv": [7.032, 0.032, 9.968, 0.468], "texture": "#0"},
				"south": {"uv": [7.032, 0.032, 8.468, 0.468], "texture": "#0"},
				"west": {"uv": [7.032, 0.032, 9.968, 0.468], "texture": "#0"},
				"up": {"uv": [9.532, 2.032, 10.968, 4.968], "texture": "#0"},
				"down": {"uv": [7.032, 0.032, 8.468, 2.968], "texture": "#0"}
			}
		},
		{
			"from": [6, 17.07813, 6.5],
			"to": [9, 18.07813, 12.5],
			"rotation": {"angle": -22.5, "axis": "x", "origin": [8, 8, 2]},
			"faces": {
				"north": {"uv": [7.032, 0.032, 8.468, 0.468], "texture": "#0"},
				"east": {"uv": [7.032, 0.032, 9.968, 0.468], "texture": "#0"},
				"south": {"uv": [7.032, 0.032, 8.468, 0.468], "texture": "#0"},
				"west": {"uv": [7.032, 0.032, 9.968, 0.468], "texture": "#0"},
				"up": {"uv": [9.532, 2.032, 10.968, 4.968], "rotation": 180, "texture": "#0"},
				"down": {"uv": [7.032, 0.032, 8.468, 2.968], "rotation": 180, "texture": "#0"}
			}
		},
		{
			"from": [4, 18.5, 5],
			"to": [10, 19.5, 8],
			"rotation": {"angle": 22.5, "axis": "z", "origin": [8, 14, 8]},
			"faces": {
				"north": {"uv": [7.032, 0.032, 9.968, 0.468], "texture": "#0"},
				"east": {"uv": [7.032, 0.032, 8.468, 0.468], "texture": "#0"},
				"south": {"uv": [7.032, 0.032, 9.968, 0.468], "texture": "#0"},
				"west": {"uv": [7.032, 0.032, 8.468, 0.468], "texture": "#0"},
				"up": {"uv": [9.532, 4.032, 12.468, 5.468], "rotation": 180, "texture": "#0"},
				"down": {"uv": [7.032, 0.032, 9.968, 1.468], "rotation": 180, "texture": "#0"}
			}
		},
		{
			"from": [6, 15, 2],
			"to": [9, 16, 14],
			"rotation": {"angle": 45, "axis": "y", "origin": [8, 14, 8]},
			"faces": {
				"north": {"uv": [7.032, 0.032, 8.468, 0.468], "texture": "#0"},
				"east": {"uv": [7.032, 0.032, 12.968, 0.468], "texture": "#0"},
				"south": {"uv": [7.032, 0.032, 8.468, 0.468], "texture": "#0"},
				"west": {"uv": [7.032, 0.032, 12.968, 0.468], "texture": "#0"},
				"up": {"uv": [9.532, 1.032, 10.968, 6.968], "rotation": 180, "texture": "#0"},
				"down": {"uv": [7.032, 0.032, 8.468, 5.968], "rotation": 180, "texture": "#0"}
			}
		},
		{
			"from": [6, 15.82813, 2.51563],
			"to": [10, 16.82813, 9.51563],
			"rotation": {"angle": -22.5, "axis": "x", "origin": [8, 11.57813, 7.29688]},
			"faces": {
				"north": {"uv": [7.032, 0.032, 8.968, 0.468], "texture": "#0"},
				"east": {"uv": [7.032, 0.032, 10.468, 0.468], "texture": "#0"},
				"south": {"uv": [7.032, 0.032, 8.968, 0.468], "texture": "#0"},
				"west": {"uv": [7.032, 0.032, 10.468, 0.468], "texture": "#0"},
				"up": {"uv": [7.032, 0.032, 8.968, 3.468], "rotation": 180, "texture": "#0"},
				"down": {"uv": [7.032, 0.032, 8.968, 3.468], "rotation": 180, "texture": "#0"}
			}
		},
		{
			"from": [9, 5.5, 6],
			"to": [15, 6.5, 9],
			"rotation": {"angle": 45, "axis": "y", "origin": [8, 8, 8]},
			"faces": {
				"north": {"uv": [7.032, 0.032, 9.968, 0.468], "texture": "#0"},
				"east": {"uv": [7.032, 0.032, 8.468, 0.468], "texture": "#0"},
				"south": {"uv": [7.032, 0.032, 9.968, 0.468], "texture": "#0"},
				"west": {"uv": [7.032, 0.032, 8.468, 0.468], "texture": "#0"},
				"up": {"uv": [7.032, 0.032, 9.968, 1.468], "texture": "#0"},
				"down": {"uv": [7.532, 4.032, 10.468, 5.468], "texture": "#0"}
			}
		},
		{
			"from": [9, 7.5, 6],
			"to": [14, 8.5, 9],
			"rotation": {"angle": 22.5, "axis": "y", "origin": [8, 10, 8]},
			"faces": {
				"north": {"uv": [7.032, 0.032, 9.468, 0.468], "texture": "#0"},
				"east": {"uv": [7.032, 0.032, 8.468, 0.468], "texture": "#0"},
				"south": {"uv": [7.032, 0.032, 9.468, 0.468], "texture": "#0"},
				"west": {"uv": [7.032, 0.032, 8.468, 0.468], "texture": "#0"},
				"up": {"uv": [7.032, 0.032, 9.468, 1.468], "texture": "#0"},
				"down": {"uv": [7.032, 0.032, 9.468, 1.468], "texture": "#0"}
			}
		},
		{
			"from": [9, 12.5, 5],
			"to": [14, 13.5, 8],
			"rotation": {"angle": -22.5, "axis": "z", "origin": [8, 15, 7]},
			"faces": {
				"north": {"uv": [7.032, 0.032, 9.468, 0.468], "texture": "#0"},
				"east": {"uv": [7.032, 0.032, 8.468, 0.468], "texture": "#0"},
				"south": {"uv": [7.032, 0.032, 9.468, 0.468], "texture": "#0"},
				"west": {"uv": [7.032, 0.032, 8.468, 0.468], "texture": "#0"},
				"up": {"uv": [7.032, 0.032, 9.468, 1.468], "texture": "#0"},
				"down": {"uv": [7.032, 0.032, 9.468, 1.468], "texture": "#0"}
			}
		},
		{
			"from": [7, 8, 9],
			"to": [9, 9, 15],
			"rotation": {"angle": -45, "axis": "y", "origin": [8, 12, 8]},
			"faces": {
				"north": {"uv": [7.032, 0.032, 7.968, 0.468], "texture": "#0"},
				"east": {"uv": [7.032, 0.032, 9.968, 0.468], "texture": "#0"},
				"south": {"uv": [7.032, 0.032, 7.968, 0.468], "texture": "#0"},
				"west": {"uv": [7.032, 0.032, 9.968, 0.468], "texture": "#0"},
				"up": {"uv": [9.532, 2.032, 10.468, 4.968], "texture": "#0"},
				"down": {"uv": [7.032, 0.032, 7.968, 2.968], "texture": "#0"}
			}
		},
		{
			"from": [0, 4, 7],
			"to": [6, 5, 10],
			"rotation": {"angle": -45, "axis": "y", "origin": [8, 6, 10]},
			"faces": {
				"north": {"uv": [7.032, 0.032, 9.968, 0.468], "texture": "#0"},
				"east": {"uv": [7.032, 0.032, 8.468, 0.468], "texture": "#0"},
				"south": {"uv": [7.032, 0.032, 9.968, 0.468], "texture": "#0"},
				"west": {"uv": [7.032, 0.032, 8.468, 0.468], "texture": "#0"},
				"up": {"uv": [13.032, 1.032, 15.968, 2.468], "texture": "#0"},
				"down": {"uv": [8.532, 2.532, 11.468, 3.968], "texture": "#0"}
			}
		},
		{
			"from": [5, 13.5, 4],
			"to": [9, 14.5, 9],
			"rotation": {"angle": -22.5, "axis": "x", "origin": [5, 9, 8]},
			"faces": {
				"north": {"uv": [7.032, 0.032, 8.968, 0.468], "texture": "#0"},
				"east": {"uv": [7.032, 0.032, 9.468, 0.468], "texture": "#0"},
				"south": {"uv": [7.032, 0.032, 8.968, 0.468], "texture": "#0"},
				"west": {"uv": [7.032, 0.032, 9.468, 0.468], "texture": "#0"},
				"up": {"uv": [7.032, 0.032, 8.968, 2.468], "texture": "#0"},
				"down": {"uv": [7.032, 0.032, 8.968, 2.468], "texture": "#0"}
			}
		},
		{
			"from": [2, 15.53125, 7],
			"to": [7, 16.53125, 9],
			"rotation": {"angle": 22.5, "axis": "y", "origin": [8, 19.53125, 8]},
			"faces": {
				"north": {"uv": [7.032, 0.032, 9.468, 0.468], "texture": "#0"},
				"east": {"uv": [7.032, 0.032, 7.968, 0.468], "texture": "#0"},
				"south": {"uv": [7.032, 0.032, 9.468, 0.468], "texture": "#0"},
				"west": {"uv": [7.032, 0.032, 7.968, 0.468], "texture": "#0"},
				"up": {"uv": [9.532, 2.032, 10.468, 4.468], "rotation": 90, "texture": "#0"},
				"down": {"uv": [7.032, 0.032, 7.968, 2.468], "rotation": 270, "texture": "#0"}
			}
		},
		{
			"from": [7.26563, 11.53125, 9.53125],
			"to": [9.26563, 12.53125, 14.53125],
			"rotation": {"angle": -45, "axis": "y", "origin": [8.26563, 15.53125, 8.53125]},
			"faces": {
				"north": {"uv": [7.032, 0.032, 7.968, 0.468], "texture": "#0"},
				"east": {"uv": [7.032, 0.032, 9.468, 0.468], "texture": "#0"},
				"south": {"uv": [7.032, 0.032, 7.968, 0.468], "texture": "#0"},
				"west": {"uv": [7.032, 0.032, 9.468, 0.468], "texture": "#0"},
				"up": {"uv": [9.532, 2.032, 10.468, 4.468], "texture": "#0"},
				"down": {"uv": [7.032, 0.032, 7.968, 2.468], "texture": "#0"}
			}
		},
		{
			"from": [10, 16.5, 6],
			"to": [13, 17.5, 10],
			"rotation": {"angle": 45, "axis": "y", "origin": [8, 19, 8]},
			"faces": {
				"north": {"uv": [7.032, 0.032, 8.468, 0.468], "texture": "#0"},
				"east": {"uv": [7.032, 0.032, 8.968, 0.468], "texture": "#0"},
				"south": {"uv": [7.032, 0.032, 8.468, 0.468], "texture": "#0"},
				"west": {"uv": [7.032, 0.032, 8.968, 0.468], "texture": "#0"},
				"up": {"uv": [11.532, 4.032, 12.968, 5.968], "texture": "#0"},
				"down": {"uv": [7.032, 0.032, 8.468, 1.968], "texture": "#0"}
			}
		},
		{
			"from": [6.32813, 6, 7.5],
			"to": [8.32813, 17, 9.5],
			"rotation": {"angle": 45, "axis": "y", "origin": [7.32813, 8, 7.5]},
			"faces": {
				"north": {"uv": [7.032, 0.032, 7.968, 5.468], "texture": "#0"},
				"east": {"uv": [7.032, 0.032, 7.968, 5.468], "texture": "#0"},
				"south": {"uv": [7.032, 0.032, 7.968, 5.468], "texture": "#0"},
				"west": {"uv": [7.032, 0.032, 7.968, 5.468], "texture": "#0"},
				"up": {"uv": [9.532, 1.032, 10.468, 1.968], "texture": "#0"},
				"down": {"uv": [7.032, 0.032, 7.968, 0.968], "texture": "#0"}
			}
		},
		{
			"from": [7.64063, 28, 7.5],
			"to": [8.39063, 30, 8.5],
			"rotation": {"angle": 0, "axis": "x", "origin": [8.5, 10, 8.5]},
			"faces": {
				"north": {"uv": [7.032, 0.032, 7.375, 0.968], "texture": "#0"},
				"east": {"uv": [7.032, 0.032, 7.468, 0.968], "texture": "#0"},
				"south": {"uv": [7.032, 0.032, 7.375, 0.968], "texture": "#0"},
				"west": {"uv": [7.032, 0.032, 7.468, 0.968], "texture": "#0"},
				"up": {"uv": [9.532, 2.032, 9.875, 2.468], "texture": "#0"},
				"down": {"uv": [7.032, 0.032, 7.375, 0.468], "texture": "#0"}
			}
		},
		{
			"from": [7.5, 30, 7.5],
			"to": [8.5, 32, 8.5],
			"rotation": {"angle": 0, "axis": "y", "origin": [8, 30.5, 8]},
			"faces": {
				"north": {"uv": [2.532, 1.532, 2.968, 2.468], "texture": "#0"},
				"east": {"uv": [2.032, 1.532, 2.468, 2.468], "texture": "#0"},
				"south": {"uv": [2.032, 1.532, 2.468, 2.468], "texture": "#0"},
				"west": {"uv": [2.032, 1.532, 2.468, 2.468], "texture": "#0"},
				"up": {"uv": [2.532, 2.032, 2.968, 2.468], "rotation": 180, "texture": "#0"}
			}
		},
		{
			"from": [7.5, 30, 6.5],
			"to": [8.5, 31, 8.5],
			"rotation": {"angle": 22.5, "axis": "x", "origin": [8, 30.5, 8]},
			"faces": {
				"north": {"uv": [2.032, 1.532, 2.468, 1.968], "rotation": 180, "texture": "#0"},
				"east": {"uv": [2.032, 1.532, 2.468, 2.468], "rotation": 90, "texture": "#0"},
				"west": {"uv": [2.032, 1.532, 2.468, 2.468], "rotation": 270, "texture": "#0"},
				"up": {"uv": [2.532, 1.532, 2.968, 2.468], "texture": "#0"},
				"down": {"uv": [2.032, 1.532, 2.468, 2.468], "texture": "#0"}
			}
		},
		{
			"from": [7.5, 30, 7.5],
			"to": [8.5, 31, 9.5],
			"rotation": {"angle": -22.5, "axis": "x", "origin": [8, 30.5, 8]},
			"faces": {
				"east": {"uv": [2.032, 1.532, 2.468, 2.468], "rotation": 270, "texture": "#0"},
				"south": {"uv": [2.032, 2.032, 2.468, 2.468], "rotation": 180, "texture": "#0"},
				"west": {"uv": [2.032, 1.532, 2.468, 2.468], "rotation": 90, "texture": "#0"},
				"up": {"uv": [2.032, 1.532, 2.468, 2.468], "texture": "#0"},
				"down": {"uv": [2.032, 1.532, 2.468, 2.468], "texture": "#0"}
			}
		},
		{
			"from": [7.5, 30, 7.5],
			"to": [8.5, 31, 9.5],
			"rotation": {"angle": 45, "axis": "x", "origin": [8, 30.5, 8]},
			"faces": {
				"east": {"uv": [2.032, 1.532, 2.468, 2.468], "rotation": 270, "texture": "#0"},
				"south": {"uv": [2.532, 2.032, 2.968, 2.468], "rotation": 180, "texture": "#0"},
				"west": {"uv": [2.032, 1.532, 2.468, 2.468], "rotation": 90, "texture": "#0"},
				"up": {"uv": [2.032, 1.532, 2.468, 2.468], "texture": "#0"},
				"down": {"uv": [2.032, 1.532, 2.468, 2.468], "texture": "#0"}
			}
		},
		{
			"from": [7.5, 30, 6.5],
			"to": [8.5, 31, 8.5],
			"rotation": {"angle": -45, "axis": "x", "origin": [8, 30.5, 8]},
			"faces": {
				"north": {"uv": [2.032, 1.532, 2.468, 1.968], "rotation": 180, "texture": "#0"},
				"east": {"uv": [2.032, 1.532, 2.468, 2.468], "rotation": 90, "texture": "#0"},
				"west": {"uv": [2.032, 1.532, 2.468, 2.468], "rotation": 270, "texture": "#0"},
				"up": {"uv": [2.032, 1.532, 2.468, 2.468], "texture": "#0"},
				"down": {"uv": [2.032, 1.532, 2.468, 2.468], "texture": "#0"}
			}
		},
		{
			"from": [5.5, 20.5, 9.5],
			"to": [8.5, 21.5, 12.5],
			"rotation": {"angle": 45, "axis": "y", "origin": [4.5, 23, 10.5]},
			"faces": {
				"north": {"uv": [7.032, 0.032, 8.468, 0.468], "texture": "#0"},
				"east": {"uv": [7.032, 0.032, 8.468, 0.468], "texture": "#0"},
				"south": {"uv": [7.032, 0.032, 8.468, 0.468], "texture": "#0"},
				"west": {"uv": [7.032, 0.032, 8.468, 0.468], "texture": "#0"},
				"up": {"uv": [11.532, 4.032, 12.968, 5.468], "texture": "#0"},
				"down": {"uv": [7.032, 0.032, 8.468, 1.468], "texture": "#0"}
			}
		},
		{
			"from": [7.5, 30, 2.5],
			"to": [9.5, 31, 7.5],
			"rotation": {"angle": 45, "axis": "x", "origin": [8.5, 21.92188, 1]},
			"faces": {
				"north": {"uv": [7.032, 0.032, 7.968, 0.468], "texture": "#0"},
				"east": {"uv": [7.032, 0.032, 9.468, 0.468], "texture": "#0"},
				"south": {"uv": [7.032, 0.032, 7.968, 0.468], "texture": "#0"},
				"west": {"uv": [7.032, 0.032, 9.468, 0.468], "texture": "#0"},
				"up": {"uv": [9.532, 2.032, 10.468, 4.468], "texture": "#0"},
				"down": {"uv": [7.032, 0.032, 7.968, 2.468], "texture": "#0"}
			}
		},
		{
			"from": [10.07813, 17.92188, 7],
			"to": [11.07813, 22.92188, 9],
			"rotation": {"angle": 22.5, "axis": "z", "origin": [2, 21.92188, 2.5]},
			"faces": {
				"north": {"uv": [7.032, 0.032, 9.468, 0.468], "rotation": 270, "texture": "#0"},
				"east": {"uv": [9.532, 2.032, 11.968, 2.968], "rotation": 90, "texture": "#0"},
				"south": {"uv": [7.032, 0.032, 9.468, 0.468], "rotation": 90, "texture": "#0"},
				"west": {"uv": [7.032, 0.032, 9.468, 0.968], "rotation": 90, "texture": "#0"},
				"up": {"uv": [7.032, 0.032, 7.968, 0.468], "rotation": 90, "texture": "#0"},
				"down": {"uv": [7.032, 0.032, 7.968, 0.468], "rotation": 90, "texture": "#0"}
			}
		},
		{
			"from": [10.625, 27, 6.5],
			"to": [13.625, 28, 8.5],
			"rotation": {"angle": 45, "axis": "z", "origin": [12.625, 18.92188, 2]},
			"faces": {
				"north": {"uv": [7.032, 0.032, 8.468, 0.468], "texture": "#0"},
				"east": {"uv": [7.032, 0.032, 7.968, 0.468], "texture": "#0"},
				"south": {"uv": [7.032, 0.032, 8.468, 0.468], "texture": "#0"},
				"west": {"uv": [7.032, 0.032, 7.968, 0.468], "texture": "#0"},
				"up": {"uv": [9.532, 2.032, 10.968, 2.968], "texture": "#0"},
				"down": {"uv": [7.032, 0.032, 8.468, 0.968], "texture": "#0"}
			}
		},
		{
			"name": "bauble",
			"from": [1.39063, 6, 11.5],
			"to": [3.39063, 8, 13.5],
			"faces": {
				"north": {"uv": [2.032, 4.032, 2.968, 4.968], "texture": "#0"},
				"east": {"uv": [3.032, 3.532, 3.968, 4.468], "texture": "#0"},
				"south": {"uv": [2.032, 3.032, 2.968, 3.968], "texture": "#0"},
				"west": {"uv": [1.532, 3.032, 2.468, 3.968], "texture": "#0"},
				"up": {"uv": [2.532, 4.032, 3.468, 4.968], "texture": "#0"},
				"down": {"uv": [1.532, 4.032, 2.468, 4.968], "texture": "#0"}
			}
		},
		{
			"name": "bauble",
			"from": [10.39063, 13, 11.5],
			"to": [12.39063, 15, 13.5],
			"faces": {
				"north": {"uv": [2.032, 4.032, 2.968, 4.968], "texture": "#0"},
				"east": {"uv": [3.032, 3.532, 3.968, 4.468], "texture": "#0"},
				"south": {"uv": [2.032, 3.032, 2.968, 3.968], "texture": "#0"},
				"west": {"uv": [1.532, 3.032, 2.468, 3.968], "texture": "#0"},
				"up": {"uv": [2.532, 4.032, 3.468, 4.968], "texture": "#0"},
				"down": {"uv": [1.532, 4.032, 2.468, 4.968], "texture": "#0"}
			}
		},
		{
			"name": "bauble",
			"from": [2.39063, 13, 3],
			"to": [4.39063, 15, 5],
			"faces": {
				"north": {"uv": [2.032, 6.032, 2.968, 6.968], "texture": "#0"},
				"east": {"uv": [3.032, 5.532, 3.968, 6.468], "texture": "#0"},
				"south": {"uv": [2.032, 5.032, 2.968, 5.968], "texture": "#0"},
				"west": {"uv": [1.532, 5.032, 2.468, 5.968], "texture": "#0"},
				"up": {"uv": [2.532, 6.032, 3.468, 6.968], "texture": "#0"},
				"down": {"uv": [1.532, 6.032, 2.468, 6.968], "texture": "#0"}
			}
		},
		{
			"name": "bauble",
			"from": [10.39063, 20, 6],
			"to": [12.39063, 22, 8],
			"faces": {
				"north": {"uv": [2.032, 2.032, 2.968, 2.968], "texture": "#0"},
				"east": {"uv": [3.032, 1.532, 3.968, 2.468], "texture": "#0"},
				"south": {"uv": [2.032, 1.032, 2.968, 1.968], "texture": "#0"},
				"west": {"uv": [1.532, 1.032, 2.468, 1.968], "texture": "#0"},
				"up": {"uv": [2.532, 2.032, 3.468, 2.968], "texture": "#0"},
				"down": {"uv": [1.532, 2.032, 2.468, 2.968], "texture": "#0"}
			}
		},
		{
			"name": "bauble",
			"from": [11.89063, 3.5, 2.5],
			"to": [13.89063, 5.5, 4.5],
			"faces": {
				"north": {"uv": [2.032, 6.032, 2.968, 6.968], "texture": "#0"},
				"east": {"uv": [3.032, 5.532, 3.968, 6.468], "texture": "#0"},
				"south": {"uv": [2.032, 5.032, 2.968, 5.968], "texture": "#0"},
				"west": {"uv": [1.532, 5.032, 2.468, 5.968], "texture": "#0"},
				"up": {"uv": [2.532, 6.032, 3.468, 6.968], "texture": "#0"},
				"down": {"uv": [1.532, 6.032, 2.468, 6.968], "texture": "#0"}
			}
		},
		{
			"name": "bauble",
			"from": [3.9375, 18.5, 8.32813],
			"to": [5.9375, 20.5, 10.32813],
			"faces": {
				"north": {"uv": [2.032, 4.032, 2.968, 4.968], "texture": "#0"},
				"east": {"uv": [3.032, 3.532, 3.968, 4.468], "texture": "#0"},
				"south": {"uv": [2.032, 3.032, 2.968, 3.968], "texture": "#0"},
				"west": {"uv": [1.532, 3.032, 2.468, 3.968], "texture": "#0"},
				"up": {"uv": [2.532, 4.032, 3.468, 4.968], "texture": "#0"},
				"down": {"uv": [1.532, 4.032, 2.468, 4.968], "texture": "#0"}
			}
		},
		{
			"name": "bauble",
			"from": [11.39063, 9, 4],
			"to": [13.39063, 11, 6],
			"faces": {
				"north": {"uv": [2.032, 2.032, 2.968, 2.968], "texture": "#0"},
				"east": {"uv": [3.032, 1.532, 3.968, 2.468], "texture": "#0"},
				"south": {"uv": [2.032, 1.032, 2.968, 1.968], "texture": "#0"},
				"west": {"uv": [1.532, 1.032, 2.468, 1.968], "texture": "#0"},
				"up": {"uv": [2.532, 2.032, 3.468, 2.968], "texture": "#0"},
				"down": {"uv": [1.532, 2.032, 2.468, 2.968], "texture": "#0"}
			}
		}
	],
	"display": {
		"thirdperson_righthand": {
			"rotation": [15, 26, 0],
			"translation": [0, 2.5, 0],
			"scale": [0.24, 0.24, 0.24]
		},
		"thirdperson_lefthand": {
			"rotation": [15, 26, 0],
			"translation": [0, 2.5, 0],
			"scale": [0.24, 0.24, 0.24]
		},
		"firstperson_righthand": {
			"rotation": [-6, -10, 0],
			"translation": [2, 0, 0],
			"scale": [0.25, 0.25, 0.25]
		},
		"firstperson_lefthand": {
			"rotation": [-6, -10, 0],
			"translation": [2, 0, 0],
			"scale": [0.25, 0.25, 0.25]
		},
		"ground": {
			"translation": [0, 1.25, 0],
			"scale": [0.5, 0.5, 0.5]
		},
		"gui": {
			"rotation": [12.75, -56, 0],
			"translation": [0, -3.5, 0],
			"scale": [0.475, 0.475, 0.475]
		},
		"head": {
			"translation": [0, 15, 0]
		},
		"fixed": {
			"rotation": [-90, 0, 0],
			"translation": [-0.25, -0.25, -32.5],
			"scale": [4, 4, 4]
		}
	}
}