{
	"credit": "minecraftrp.com.br",
	"ambientocclusion": false,
	"textures": {
		"0": "custom/decoration/gift_box",
		"1": "custom/decoration/gift_packaging"
	},
	"elements": [
		{
			"from": [0, 12.75, 0],
			"to": [16, 16, 16],
			"rotation": {"angle": -45, "axis": "y", "origin": [8, 8, 8]},
			"faces": {
				"north": {"uv": [0, 0, 16, 3.25], "texture": "#0"},
				"east": {"uv": [0, 0, 16, 3.25], "texture": "#0"},
				"south": {"uv": [0, 0, 16, 3.25], "texture": "#0"},
				"west": {"uv": [0, 0, 16, 3.25], "texture": "#0"},
				"up": {"uv": [0, 0, 16, 16], "texture": "#0"},
				"down": {"uv": [0, 0, 16, 16], "texture": "#0"}
			}
		},
		{
			"from": [6, 12.5, -0.25],
			"to": [10, 16.25, 16.25],
			"rotation": {"angle": -45, "axis": "y", "origin": [8, 8, 8]},
			"faces": {
				"north": {"uv": [0, 0, 16, 4], "texture": "#1"},
				"east": {"uv": [0, 0, 0.75, 0.5], "texture": "#1"},
				"south": {"uv": [0, 0, 16, 4], "texture": "#1"},
				"west": {"uv": [0, 0, 0.75, 0.5], "texture": "#1"},
				"up": {"uv": [0, 0, 16, 16], "texture": "#1"},
				"down": {"uv": [0, 0, 4, 16], "texture": "#1"}
			}
		},
		{
			"from": [-0.25, 12.55, 6],
			"to": [16.25, 16.3, 10],
			"rotation": {"angle": -45, "axis": "y", "origin": [8, 8, 8]},
			"faces": {
				"north": {"uv": [0, 0, 0.75, 0.5], "texture": "#1"},
				"east": {"uv": [0, 0, 16, 4], "texture": "#1"},
				"south": {"uv": [0, 0, 0.75, 0.5], "texture": "#1"},
				"west": {"uv": [0, 0, 16, 4], "texture": "#1"},
				"up": {"uv": [0, 0, 16, 16], "rotation": 90, "texture": "#1"},
				"down": {"uv": [0, 0, 4, 16], "rotation": 270, "texture": "#1"}
			}
		},
		{
			"from": [5.95, 16, 5.75],
			"to": [10.05, 17.25, 9.75],
			"rotation": {"angle": 0, "axis": "y", "origin": [8, 8, 8]},
			"faces": {
				"north": {"uv": [0, 6, 4.1, 7.25], "texture": "#1"},
				"east": {"uv": [0, 0, 0.75, 0.5], "texture": "#1"},
				"south": {"uv": [0, 6, 4.1, 7.25], "texture": "#1"},
				"west": {"uv": [0, 0, 0.75, 0.5], "texture": "#1"},
				"up": {"uv": [0, 8, 16, 12], "texture": "#1"}
			}
		},
		{
			"from": [6, 25.78869, 11.34551],
			"to": [10, 26.28869, 12.74551],
			"rotation": {"angle": -22.5, "axis": "x", "origin": [8, 15.23869, 33.54551]},
			"faces": {
				"north": {"uv": [4, 0, 0, 0.5], "rotation": 180, "texture": "#1"},
				"east": {"uv": [0, 0, 0.75, 0.5], "texture": "#1"},
				"south": {"uv": [4, 0, 0, 0.5], "rotation": 180, "texture": "#1"},
				"west": {"uv": [0, 0, 0.75, 0.5], "texture": "#1"},
				"up": {"uv": [0, 4, 16, 6], "rotation": 180, "texture": "#1"},
				"down": {"uv": [0, 4, 16, 6], "rotation": 180, "texture": "#1"}
			}
		},
		{
			"from": [6, 19.81928, 13.63554],
			"to": [10, 20.31928, 15.03554],
			"rotation": {"angle": 0, "axis": "x", "origin": [8, 15.26928, 31.83554]},
			"faces": {
				"north": {"uv": [4, 0, 0, 0.5], "rotation": 180, "texture": "#1"},
				"east": {"uv": [0, 0, 0.75, 0.5], "texture": "#1"},
				"south": {"uv": [4, 0, 0, 0.5], "rotation": 180, "texture": "#1"},
				"west": {"uv": [0, 0, 0.75, 0.5], "texture": "#1"},
				"up": {"uv": [0, 12, 16, 14], "rotation": 180, "texture": "#1"},
				"down": {"uv": [0, 12, 16, 14], "rotation": 180, "texture": "#1"}
			}
		},
		{
			"from": [6, 15.63357, 12.71753],
			"to": [10, 16.68357, 13.21753],
			"rotation": {"angle": 22.5, "axis": "x", "origin": [8, 9.33357, 18.66753]},
			"faces": {
				"north": {"uv": [0, 2, 16, 4], "texture": "#1"},
				"east": {"uv": [0, 0, 0.75, 0.5], "texture": "#1"},
				"south": {"uv": [0, 2, 16, 4], "texture": "#1"},
				"west": {"uv": [1.5, 0, 0, 0.5], "rotation": 90, "texture": "#1"},
				"up": {"uv": [0, 0.5, 4, 0], "rotation": 180, "texture": "#1"},
				"down": {"uv": [0, 0.5, 4, 0], "texture": "#1"}
			}
		},
		{
			"from": [6, 21.90117, 20.08419],
			"to": [10, 22.60117, 20.58419],
			"rotation": {"angle": -22.5, "axis": "x", "origin": [8, 10.00117, 26.03419]},
			"faces": {
				"north": {"uv": [0, 0, 16, 1], "texture": "#1"},
				"east": {"uv": [1, 0, 0, 0.5], "rotation": 270, "texture": "#1"},
				"south": {"uv": [0, 0, 16, 1], "texture": "#1"},
				"west": {"uv": [1, 0, 0, 0.5], "rotation": 90, "texture": "#1"},
				"up": {"uv": [0, 0.5, 4, 0], "rotation": 180, "texture": "#1"},
				"down": {"uv": [0, 0.5, 4, 0], "texture": "#1"}
			}
		},
		{
			"from": [6, 27.08949, 8.18537],
			"to": [10, 27.58949, 16.58537],
			"rotation": {"angle": -22.5, "axis": "x", "origin": [8, 16.53949, 33.38537]},
			"faces": {
				"north": {"uv": [4, 0, 0, 0.5], "rotation": 180, "texture": "#1"},
				"east": {"uv": [0, 0, 0.75, 0.5], "texture": "#1"},
				"south": {"uv": [4, 0, 0, 0.5], "rotation": 180, "texture": "#1"},
				"west": {"uv": [0, 0, 0.75, 0.5], "texture": "#1"},
				"up": {"uv": [0, 10, 16, 12], "rotation": 180, "texture": "#1"},
				"down": {"uv": [0, 10, 16, 12], "rotation": 180, "texture": "#1"}
			}
		},
		{
			"from": [6, 13.08045, 13.91391],
			"to": [10, 13.58045, 14.61391],
			"rotation": {"angle": 22.5, "axis": "x", "origin": [8, 14.13045, 31.41391]},
			"faces": {
				"north": {"uv": [4, 0, 0, 0.5], "rotation": 180, "texture": "#1"},
				"east": {"uv": [1, 0, 0, 0.5], "rotation": 180, "texture": "#1"},
				"south": {"uv": [4, 0, 0, 0.5], "rotation": 180, "texture": "#1"},
				"west": {"uv": [1, 0, 0, 0.5], "rotation": 180, "texture": "#1"},
				"up": {"uv": [0, 14, 16, 15], "rotation": 180, "texture": "#1"},
				"down": {"uv": [0, 14, 16, 15], "rotation": 180, "texture": "#1"}
			}
		},
		{
			"from": [6, 26.52071, 24.39051],
			"to": [10, 27.22071, 24.89051],
			"rotation": {"angle": -45, "axis": "x", "origin": [8, 12.52071, 28.94051]},
			"faces": {
				"north": {"uv": [0, 15, 16, 16], "texture": "#1"},
				"east": {"uv": [0, 0, 0.75, 0.5], "texture": "#1"},
				"south": {"uv": [0, 15, 16, 16], "texture": "#1"},
				"west": {"uv": [0, 0, 0.75, 0.5], "texture": "#1"},
				"up": {"uv": [0, 0.5, 4, 0], "rotation": 180, "texture": "#1"},
				"down": {"uv": [0, 0.5, 4, 0], "texture": "#1"}
			}
		},
		{
			"from": [6, 18.20971, 15.94511],
			"to": [10, 18.90971, 16.44511],
			"rotation": {"angle": 0, "axis": "x", "origin": [8, 9.10971, 21.89511]},
			"faces": {
				"north": {"uv": [0, 1, 16, 2], "texture": "#1"},
				"east": {"uv": [0, 0, 0.75, 0.5], "texture": "#1"},
				"south": {"uv": [0, 1, 16, 2], "texture": "#1"},
				"west": {"uv": [0, 0, 0.75, 0.5], "texture": "#1"},
				"up": {"uv": [0, 0.5, 4, 0], "rotation": 180, "texture": "#1"},
				"down": {"uv": [0, 0.5, 4, 0], "texture": "#1"}
			}
		},
		{
			"from": [6, 14.62862, 20.58974],
			"to": [10, 15.12862, 21.63974],
			"rotation": {"angle": -45, "axis": "x", "origin": [8, 9.17862, 15.68974]},
			"faces": {
				"north": {"uv": [4, 0, 0, 0.5], "texture": "#1"},
				"east": {"uv": [0, 0, 0.75, 0.5], "texture": "#1"},
				"south": {"uv": [4, 0, 0, 0.5], "texture": "#1"},
				"west": {"uv": [0, 0, 0.75, 0.5], "texture": "#1"},
				"up": {"uv": [0, 4, 16, 6], "rotation": 180, "texture": "#1"},
				"down": {"uv": [0, 4, 16, 6], "rotation": 180, "texture": "#1"}
			}
		},
		{
			"from": [6, 14.50113, 16.46602],
			"to": [10, 15.00113, 17.86602],
			"rotation": {"angle": -22.5, "axis": "x", "origin": [8, 9.05113, 11.56602]},
			"faces": {
				"north": {"uv": [4, 0, 0, 0.5], "texture": "#1"},
				"east": {"uv": [0, 0, 0.75, 0.5], "texture": "#1"},
				"south": {"uv": [4, 0, 0, 0.5], "texture": "#1"},
				"west": {"uv": [2, 0, 0, 0.5], "texture": "#1"},
				"up": {"uv": [0, 6, 16, 8], "rotation": 180, "texture": "#1"},
				"down": {"uv": [0, 6, 16, 8], "rotation": 180, "texture": "#1"}
			}
		},
		{
			"from": [6, 16, 2],
			"to": [10, 16.5, 14],
			"rotation": {"angle": 0, "axis": "y", "origin": [8, 8, 8]},
			"faces": {
				"north": {"uv": [0, 0, 4, 0.5], "texture": "#1"},
				"east": {"uv": [0, 0, 0.75, 0.5], "texture": "#1"},
				"south": {"uv": [0, 0, 4, 0.5], "texture": "#1"},
				"west": {"uv": [0, 0, 12, 0.5], "texture": "#1"},
				"up": {"uv": [0, 0, 16, 16], "texture": "#1"},
				"down": {"uv": [0, 0, 4, 12], "texture": "#1"}
			}
		},
		{
			"from": [6.77053, 16.1, 16.9783],
			"to": [10.27053, 16.6, 18.7283],
			"rotation": {"angle": -45, "axis": "y", "origin": [9.52053, 8, 10.7283]},
			"faces": {
				"north": {"uv": [0, 0, 3.5, 0.5], "texture": "#1"},
				"east": {"uv": [0, 0, 1.75, 0.5], "texture": "#1"},
				"south": {"uv": [0, 0, 16, 1], "texture": "#1"},
				"west": {"uv": [0, 0, 0.75, 0.5], "texture": "#1"},
				"up": {"uv": [0, 0, 16, 5], "texture": "#1"},
				"down": {"uv": [0, 0, 3.5, 1.75], "texture": "#1"}
			}
		},
		{
			"from": [5.25, 16.1, 5.75],
			"to": [8.75, 16.6, 16],
			"rotation": {"angle": -22.5, "axis": "y", "origin": [8, 8, 8]},
			"faces": {
				"north": {"uv": [0, 0, 3.5, 0.5], "texture": "#1"},
				"east": {"uv": [0, 0, 10.25, 0.5], "texture": "#1"},
				"south": {"uv": [0, 0, 3.5, 0.5], "texture": "#1"},
				"west": {"uv": [0, 0, 0.75, 0.5], "texture": "#1"},
				"up": {"uv": [0, 0, 16, 16], "texture": "#1"},
				"down": {"uv": [0, 0, 3.5, 10.25], "texture": "#1"}
			}
		},
		{
			"from": [5.5, 16.25, 0],
			"to": [9, 16.75, 8.75],
			"rotation": {"angle": 22.5, "axis": "y", "origin": [8, 8, 8]},
			"faces": {
				"north": {"uv": [0, 0, 3.5, 0.5], "texture": "#1"},
				"east": {"uv": [0, 0, 0.75, 0.5], "texture": "#1"},
				"south": {"uv": [0, 0, 3.5, 0.5], "texture": "#1"},
				"west": {"uv": [0, 0, 0.75, 0.5], "texture": "#1"},
				"up": {"uv": [0, 0, 16, 16], "texture": "#1"},
				"down": {"uv": [0, 0, 3.5, 8.75], "rotation": 180, "texture": "#1"}
			}
		},
		{
			"from": [8.25276, 13.35, 16.14987],
			"to": [11.75276, 16.1, 16.64987],
			"rotation": {"angle": -45, "axis": "y", "origin": [7.75276, 7.5, 7.89987]},
			"faces": {
				"north": {"uv": [0, 0, 3.5, 2.75], "texture": "#1"},
				"east": {"uv": [8, 0, 8.5, 2.75], "texture": "#1"},
				"south": {"uv": [0, 1, 16, 6], "texture": "#1"},
				"west": {"uv": [0, 0, 0.75, 0.5], "texture": "#1"},
				"up": {"uv": [0, 0, 3.5, 0.5], "rotation": 180, "texture": "#1"},
				"down": {"uv": [0, 0, 3.5, 0.5], "texture": "#1"}
			}
		},
		{
			"from": [-0.94304, 13.5, 3.93123],
			"to": [-0.44304, 16.25, 7.43123],
			"rotation": {"angle": -45, "axis": "y", "origin": [7.80696, 7.75, 8.18123]},
			"faces": {
				"north": {"uv": [0, 0, 0.75, 0.5], "texture": "#1"},
				"east": {"uv": [0, 0, 3.5, 2.75], "texture": "#1"},
				"south": {"uv": [0, 0, 0.75, 0.5], "texture": "#1"},
				"west": {"uv": [0, 1, 16, 6], "texture": "#1"},
				"up": {"uv": [0, 0, 3.5, 0.5], "rotation": 270, "texture": "#1"},
				"down": {"uv": [0, 0, 3.5, 0.5], "rotation": 270, "texture": "#1"}
			}
		},
		{
			"from": [8.48373, 16.25, -0.74555],
			"to": [11.98373, 16.75, 1.00445],
			"rotation": {"angle": 45, "axis": "y", "origin": [7.98373, 8, 8.00445]},
			"faces": {
				"north": {"uv": [0, 0, 16, 1], "texture": "#1"},
				"east": {"uv": [0, 0, 0.75, 0.5], "texture": "#1"},
				"south": {"uv": [0, 0, 3.5, 0.5], "texture": "#1"},
				"west": {"uv": [0, 0, 0.75, 0.5], "texture": "#1"},
				"up": {"uv": [0, 0, 16, 5], "texture": "#1"},
				"down": {"uv": [0, 0, 3.5, 1.75], "rotation": 180, "texture": "#1"}
			}
		},
		{
			"from": [0.5, 0, 0.5],
			"to": [15.5, 13, 15.5],
			"rotation": {"angle": -45, "axis": "y", "origin": [8, 8, 8]},
			"faces": {
				"north": {"uv": [0, 0, 15, 13], "texture": "#0"},
				"east": {"uv": [0, 0, 15, 13], "texture": "#0"},
				"south": {"uv": [0, 0, 15, 13], "texture": "#0"},
				"west": {"uv": [0, 0, 15, 13], "texture": "#0"},
				"up": {"uv": [0, 0, 15, 15], "texture": "#0"},
				"down": {"uv": [0, 0, 15, 15], "texture": "#0"}
			}
		},
		{
			"from": [6, -0.3, 0.25],
			"to": [10, 12.75, 15.75],
			"rotation": {"angle": -45, "axis": "y", "origin": [8, 8, 8]},
			"faces": {
				"north": {"uv": [0, 0, 16, 16], "texture": "#1"},
				"east": {"uv": [8, 0, 8.5, 16], "texture": "#1"},
				"south": {"uv": [0, 0, 16, 13.05], "texture": "#1"},
				"west": {"uv": [8, 0, 8.5, 16], "texture": "#1"},
				"up": {"uv": [0, 0, 4, 15.5], "texture": "#1"},
				"down": {"uv": [0, 0, 16, 16], "texture": "#1"}
			}
		},
		{
			"from": [0.25, -0.2, 6],
			"to": [15.75, 15.3, 10],
			"rotation": {"angle": -45, "axis": "y", "origin": [8, 8, 8]},
			"faces": {
				"north": {"uv": [8, 0, 8.5, 16], "texture": "#1"},
				"east": {"uv": [0, 0, 16, 16], "texture": "#1"},
				"south": {"uv": [8, 0, 8.5, 16], "texture": "#1"},
				"west": {"uv": [0, 0, 16, 16], "texture": "#1"},
				"up": {"uv": [0, 0, 4, 15.5], "rotation": 90, "texture": "#1"},
				"down": {"uv": [0, 0, 16, 16], "rotation": 270, "texture": "#1"}
			}
		},
		{
			"from": [6, 25.78869, 3.25449],
			"to": [10, 26.28869, 4.65449],
			"rotation": {"angle": 22.5, "axis": "x", "origin": [8, 15.23869, -17.54551]},
			"faces": {
				"north": {"uv": [4, 0, 0, 0.5], "rotation": 180, "texture": "#1"},
				"east": {"uv": [0, 0, 0.75, 0.5], "texture": "#1"},
				"south": {"uv": [4, 0, 0, 0.5], "rotation": 180, "texture": "#1"},
				"west": {"uv": [2, 0, 0, 0.5], "rotation": 180, "texture": "#1"},
				"up": {"uv": [0, 4, 16, 6], "texture": "#1"},
				"down": {"uv": [0, 4, 16, 6], "texture": "#1"}
			}
		},
		{
			"from": [6, 19.81928, 0.96446],
			"to": [10, 20.31928, 2.36446],
			"rotation": {"angle": 0, "axis": "x", "origin": [8, 15.26928, -15.83554]},
			"faces": {
				"north": {"uv": [4, 0, 0, 0.5], "rotation": 180, "texture": "#1"},
				"east": {"uv": [0, 0, 0.75, 0.5], "texture": "#1"},
				"south": {"uv": [4, 0, 0, 0.5], "rotation": 180, "texture": "#1"},
				"west": {"uv": [0, 0, 0.75, 0.5], "texture": "#1"},
				"up": {"uv": [0, 12, 16, 14], "texture": "#1"},
				"down": {"uv": [0, 12, 16, 14], "texture": "#1"}
			}
		},
		{
			"from": [6, 15.63357, 2.78247],
			"to": [10, 16.68357, 3.28247],
			"rotation": {"angle": -22.5, "axis": "x", "origin": [8, 9.33357, -2.66753]},
			"faces": {
				"north": {"uv": [0, 2, 16, 4], "texture": "#1"},
				"east": {"uv": [0, 0, 0.75, 0.5], "texture": "#1"},
				"south": {"uv": [0, 2, 16, 4], "texture": "#1"},
				"west": {"uv": [0, 0, 0.75, 0.5], "texture": "#1"},
				"up": {"uv": [0, 0.5, 4, 0], "texture": "#1"},
				"down": {"uv": [0, 0.5, 4, 0], "rotation": 180, "texture": "#1"}
			}
		},
		{
			"from": [6, 21.90117, -4.58419],
			"to": [10, 22.60117, -4.08419],
			"rotation": {"angle": 22.5, "axis": "x", "origin": [8, 10.00117, -10.03419]},
			"faces": {
				"north": {"uv": [0, 0, 16, 1], "texture": "#1"},
				"east": {"uv": [0, 0, 0.75, 0.5], "texture": "#1"},
				"south": {"uv": [0, 0, 16, 1], "texture": "#1"},
				"west": {"uv": [0, 0, 0.75, 0.5], "texture": "#1"},
				"up": {"uv": [0, 0.5, 4, 0], "texture": "#1"},
				"down": {"uv": [0, 0.5, 4, 0], "rotation": 180, "texture": "#1"}
			}
		},
		{
			"from": [6, 27.08949, -0.58537],
			"to": [10, 27.58949, 7.81463],
			"rotation": {"angle": 22.5, "axis": "x", "origin": [8, 16.53949, -17.38537]},
			"faces": {
				"north": {"uv": [4, 0, 0, 0.5], "rotation": 180, "texture": "#1"},
				"east": {"uv": [0, 0, 0.75, 0.5], "texture": "#1"},
				"south": {"uv": [4, 0, 0, 0.5], "rotation": 180, "texture": "#1"},
				"west": {"uv": [0, 0, 0.75, 0.5], "texture": "#1"},
				"up": {"uv": [0, 10, 16, 12], "texture": "#1"},
				"down": {"uv": [0, 10, 16, 12], "texture": "#1"}
			}
		},
		{
			"from": [6, 13.08045, 1.38609],
			"to": [10, 13.58045, 2.08609],
			"rotation": {"angle": -22.5, "axis": "x", "origin": [8, 14.13045, -15.41391]},
			"faces": {
				"north": {"uv": [4, 0, 0, 0.5], "rotation": 180, "texture": "#1"},
				"east": {"uv": [1, 0, 0, 0.5], "rotation": 180, "texture": "#1"},
				"south": {"uv": [4, 0, 0, 0.5], "rotation": 180, "texture": "#1"},
				"west": {"uv": [0, 0, 0.75, 0.5], "texture": "#1"},
				"up": {"uv": [0, 14, 16, 15], "texture": "#1"},
				"down": {"uv": [0, 14, 16, 15], "texture": "#1"}
			}
		},
		{
			"from": [6, 26.52071, -8.89051],
			"to": [10, 27.22071, -8.39051],
			"rotation": {"angle": 45, "axis": "x", "origin": [8, 12.52071, -12.94051]},
			"faces": {
				"north": {"uv": [0, 15, 16, 16], "texture": "#1"},
				"east": {"uv": [0, 0, 0.75, 0.5], "texture": "#1"},
				"south": {"uv": [0, 15, 16, 16], "texture": "#1"},
				"west": {"uv": [1, 0, 0, 0.5], "rotation": 270, "texture": "#1"},
				"up": {"uv": [0, 0.5, 4, 0], "texture": "#1"},
				"down": {"uv": [0, 0.5, 4, 0], "rotation": 180, "texture": "#1"}
			}
		},
		{
			"from": [6, 18.20971, -0.44511],
			"to": [10, 18.90971, 0.05489],
			"rotation": {"angle": 0, "axis": "x", "origin": [8, 9.10971, -5.89511]},
			"faces": {
				"north": {"uv": [0, 1, 16, 2], "texture": "#1"},
				"east": {"uv": [0, 0, 0.75, 0.5], "texture": "#1"},
				"south": {"uv": [0, 1, 16, 2], "texture": "#1"},
				"west": {"uv": [0, 0, 0.75, 0.5], "texture": "#1"},
				"up": {"uv": [0, 0.5, 4, 0], "texture": "#1"},
				"down": {"uv": [0, 0.5, 4, 0], "rotation": 180, "texture": "#1"}
			}
		},
		{
			"from": [6, 14.62862, -5.63974],
			"to": [10, 15.12862, -4.58974],
			"rotation": {"angle": 45, "axis": "x", "origin": [8, 9.17862, 0.31026]},
			"faces": {
				"north": {"uv": [4, 0, 0, 0.5], "texture": "#1"},
				"east": {"uv": [0, 0, 0.75, 0.5], "texture": "#1"},
				"south": {"uv": [4, 0, 0, 0.5], "texture": "#1"},
				"west": {"uv": [1.5, 0, 0, 0.5], "texture": "#1"},
				"up": {"uv": [0, 4, 16, 6], "texture": "#1"},
				"down": {"uv": [0, 4, 16, 6], "texture": "#1"}
			}
		},
		{
			"from": [6, 14.50113, -1.86602],
			"to": [10, 15.00113, -0.46602],
			"rotation": {"angle": 22.5, "axis": "x", "origin": [8, 9.05113, 4.43398]},
			"faces": {
				"north": {"uv": [4, 0, 0, 0.5], "texture": "#1"},
				"east": {"uv": [0, 0, 0.75, 0.5], "texture": "#1"},
				"south": {"uv": [4, 0, 0, 0.5], "texture": "#1"},
				"west": {"uv": [0, 0, 0.75, 0.5], "texture": "#1"},
				"up": {"uv": [0, 6, 16, 8], "texture": "#1"},
				"down": {"uv": [0, 6, 16, 8], "texture": "#1"}
			}
		}
	],
	"display": {
		"thirdperson_righthand": {
			"rotation": [75, 45, 0],
			"translation": [0, 2.5, 0],
			"scale": [0.375, 0.375, 0.375]
		},
		"thirdperson_lefthand": {
			"rotation": [75, 45, 0],
			"translation": [0, 2.5, 0],
			"scale": [0.375, 0.375, 0.375]
		},
		"firstperson_righthand": {
			"rotation": [0, 45, 0],
			"scale": [0.4, 0.4, 0.4]
		},
		"firstperson_lefthand": {
			"rotation": [0, 225, 0],
			"scale": [0.4, 0.4, 0.4]
		},
		"ground": {
			"translation": [0, 1.5, 0],
			"scale": [0.64, 0.64, 0.64]
		},
		"gui": {
			"rotation": [30, 60, 0],
			"translation": [0, -0.25, 0],
			"scale": [0.49, 0.49, 0.57]
		},
		"head": {
			"rotation": [0, -45, 0],
			"translation": [0, 11.25, 0],
			"scale": [0.6, 0.6, 0.6]
		},
		"fixed": {
			"rotation": [-90, -45, 0],
			"translation": [0, 0, -12],
			"scale": [1.5, 1.5, 1.5]
		}
	},
	"groups": [
		0,
		1,
		2,
		3,
		{
			"name": "group",
			"origin": [8, 8, 8],
			"color": 0,
			"children": [4, 5, 6, 7, 8, 9, 10, 11, 12, 13]
		},
		14,
		{
			"name": "group",
			"origin": [8, 8, 8],
			"color": 0,
			"children": [15, 16, 17, 18, 19, 20]
		},
		21,
		22,
		23,
		{
			"name": "group",
			"origin": [8, 8, 8],
			"color": 0,
			"children": [24, 25, 26, 27, 28, 29, 30, 31, 32, 33]
		}
	]
}