{
	"credit": "minecraftrp.com.br",
	"ambientocclusion": false,
	"textures": {
		"1": "block/white_wool",
		"2": "block/coal_block",
		"3": "block/gold_block",
		"4": "block/red_wool",
		"5": "block/black_wool",
		"6": "block/black_concrete",
		"7": "block/birch_planks",
		"8": "block/terracotta",
		"particle": "block/white_wool"
	},
	"elements": [
		{
			"from": [6.95, 8.775, 7.55],
			"to": [8.8, 10.4, 10.55],
			"faces": {
				"north": {"uv": [0, 0, 1, 1], "texture": "#1"},
				"east": {"uv": [0, 0, 0, 0], "texture": "#1"},
				"south": {"uv": [0, 0, 1, 1], "texture": "#1"},
				"west": {"uv": [0, 0, 0, 0], "texture": "#1"},
				"up": {"uv": [0, 0, 0, 0], "texture": "#1"},
				"down": {"uv": [0, 0, 1, 1], "texture": "#1"}
			}
		},
		{
			"from": [3.4, 13.2, 6.3],
			"to": [12.6, 14.1, 11.5],
			"faces": {
				"north": {"uv": [8, 7.5, 14.5, 9.5], "texture": "#2"},
				"east": {"uv": [9, 7, 13.5, 9], "texture": "#2"},
				"south": {"uv": [8, 7.5, 14.5, 9.5], "texture": "#2"},
				"west": {"uv": [8, 7, 14, 9], "texture": "#2"},
				"up": {"uv": [8, 5.5, 14.5, 9.5], "texture": "#2"},
				"down": {"uv": [8, 9.5, 15, 8], "texture": "#2"}
			}
		},
		{
			"from": [6.65, 13.1, 6.2],
			"to": [9.6, 13.75, 6.45],
			"faces": {
				"north": {"uv": [1, 1, 14, 15], "rotation": 270, "texture": "#3"},
				"east": {"uv": [6, 6, 7, 7], "texture": "#3"},
				"south": {"uv": [6, 6, 7, 7], "texture": "#3"},
				"west": {"uv": [6, 6, 7, 7], "texture": "#3"},
				"up": {"uv": [6, 6, 7, 7], "texture": "#3"},
				"down": {"uv": [6, 6, 7, 7], "texture": "#3"}
			}
		},
		{
			"from": [6.65, 14.4, 6.35],
			"to": [9.6, 15.05, 7.2],
			"faces": {
				"north": {"uv": [1, 1, 14, 15], "rotation": 270, "texture": "#3"},
				"east": {"uv": [6, 6, 7, 7], "texture": "#3"},
				"south": {"uv": [6, 6, 7, 7], "texture": "#3"},
				"west": {"uv": [6, 6, 7, 7], "texture": "#3"},
				"up": {"uv": [6, 6, 7, 7], "texture": "#3"},
				"down": {"uv": [6, 6, 7, 7], "texture": "#3"}
			}
		},
		{
			"from": [8.65, 13.75, 6.2],
			"to": [9.6, 14.4, 6.45],
			"faces": {
				"north": {"uv": [1, 1, 14, 15], "rotation": 270, "texture": "#3"},
				"east": {"uv": [6, 6, 7, 7], "texture": "#3"},
				"south": {"uv": [6, 6, 7, 7], "texture": "#3"},
				"west": {"uv": [6, 6, 7, 7], "texture": "#3"},
				"up": {"uv": [6, 6, 7, 7], "texture": "#3"},
				"down": {"uv": [6, 6, 6, 6], "texture": "#3"}
			}
		},
		{
			"from": [6.65, 13.75, 6.2],
			"to": [7.6, 14.4, 6.45],
			"faces": {
				"north": {"uv": [1, 1, 14, 15], "rotation": 270, "texture": "#3"},
				"east": {"uv": [6, 6, 7, 7], "texture": "#3"},
				"south": {"uv": [6, 6, 7, 7], "texture": "#3"},
				"west": {"uv": [6, 6, 7, 7], "texture": "#3"},
				"up": {"uv": [6, 6, 7, 7], "texture": "#3"},
				"down": {"uv": [6, 6, 6, 6], "texture": "#3"}
			}
		},
		{
			"from": [3.65, 14.1, 6.55],
			"to": [12.35, 14.95, 11.25],
			"faces": {
				"north": {"uv": [8, 5.5, 14.5, 7.5], "texture": "#2"},
				"east": {"uv": [9, 7, 13.5, 9], "texture": "#2"},
				"south": {"uv": [8, 5.5, 14.5, 7.5], "texture": "#2"},
				"west": {"uv": [8, 7, 14, 9], "texture": "#2"},
				"up": {"uv": [8, 5.5, 14.5, 8.5], "texture": "#2"},
				"down": {"uv": [8, 3.5, 15, 1], "texture": "#2"}
			}
		},
		{
			"from": [4.5, 2.8, 7.5],
			"to": [7.5, 4, 10.5],
			"faces": {
				"north": {"uv": [0, 0, 8, 4], "texture": "#5"},
				"east": {"uv": [0, 0, 8, 4], "texture": "#5"},
				"south": {"uv": [0, 0, 8, 4], "texture": "#5"},
				"west": {"uv": [0, 0, 8, 4], "texture": "#5"},
				"up": {"uv": [0, 0, 8, 8], "rotation": 90, "texture": "#5"},
				"down": {"uv": [0, 0, 8, 8], "rotation": 90, "texture": "#5"}
			}
		},
		{
			"from": [4.75, 1.5, 7.75],
			"to": [7.25, 3, 10.25],
			"faces": {
				"north": {"uv": [0, 0, 9, 10], "texture": "#5"},
				"east": {"uv": [0, 0, 9, 10], "texture": "#5"},
				"south": {"uv": [0, 0, 9, 10], "texture": "#5"},
				"west": {"uv": [0, 0, 9, 10], "texture": "#5"},
				"up": {"uv": [0, 0, 0, 0], "texture": "#5"},
				"down": {"uv": [0, 0, 0, 0], "texture": "#5"}
			}
		},
		{
			"from": [4.75, 0, 6.5],
			"to": [7.25, 1.5, 10.25],
			"faces": {
				"north": {"uv": [0, 0, 9, 10], "texture": "#5"},
				"east": {"uv": [0, 0, 9, 15], "rotation": 90, "texture": "#5"},
				"south": {"uv": [0, 0, 9, 10], "texture": "#5"},
				"west": {"uv": [0, 0, 9, 15], "rotation": 90, "texture": "#5"},
				"up": {"uv": [0, 0, 9, 15], "texture": "#5"},
				"down": {"uv": [0, 0, 1, 1], "texture": "#5"}
			}
		},
		{
			"from": [4.75, 0, 5.75],
			"to": [7.25, 1, 6.5],
			"faces": {
				"north": {"uv": [0, 0, 9, 6], "texture": "#5"},
				"east": {"uv": [0, 0, 3, 6], "texture": "#5"},
				"south": {"uv": [0, 0, 0, 0], "texture": "#5"},
				"west": {"uv": [0, 0, 3, 6], "texture": "#5"},
				"up": {"uv": [0, 0, 9, 3], "texture": "#5"},
				"down": {"uv": [0, 0, 1, 1], "texture": "#5"}
			}
		},
		{
			"from": [8.75, 0, 5.75],
			"to": [11.25, 1, 6.5],
			"faces": {
				"north": {"uv": [0, 0, 9, 6], "texture": "#5"},
				"east": {"uv": [0, 0, 3, 6], "texture": "#5"},
				"south": {"uv": [0, 0, 0, 0], "texture": "#5"},
				"west": {"uv": [0, 0, 3, 6], "texture": "#5"},
				"up": {"uv": [0, 0, 9, 3], "texture": "#5"},
				"down": {"uv": [0, 0, 1, 1], "texture": "#5"}
			}
		},
		{
			"from": [8.75, 0, 6.5],
			"to": [11.25, 1.5, 10.25],
			"faces": {
				"north": {"uv": [0, 0, 9, 10], "texture": "#5"},
				"east": {"uv": [0, 0, 9, 15], "rotation": 90, "texture": "#5"},
				"south": {"uv": [0, 0, 9, 10], "texture": "#5"},
				"west": {"uv": [0, 0, 9, 15], "rotation": 90, "texture": "#5"},
				"up": {"uv": [0, 0, 9, 15], "texture": "#5"},
				"down": {"uv": [0, 0, 1, 1], "texture": "#5"}
			}
		},
		{
			"from": [8.75, 1.5, 7.75],
			"to": [11.25, 3, 10.25],
			"faces": {
				"north": {"uv": [0, 0, 9, 10], "texture": "#5"},
				"east": {"uv": [0, 0, 9, 10], "texture": "#5"},
				"south": {"uv": [0, 0, 9, 10], "texture": "#5"},
				"west": {"uv": [0, 0, 9, 10], "texture": "#5"},
				"up": {"uv": [0, 0, 0, 0], "texture": "#5"},
				"down": {"uv": [0, 0, 0, 0], "texture": "#5"}
			}
		},
		{
			"from": [8.5, 2.8, 7.5],
			"to": [11.5, 4, 10.5],
			"faces": {
				"north": {"uv": [0, 0, 8, 4], "texture": "#5"},
				"east": {"uv": [0, 0, 8, 4], "texture": "#5"},
				"south": {"uv": [0, 0, 8, 4], "texture": "#5"},
				"west": {"uv": [0, 0, 8, 4], "texture": "#5"},
				"up": {"uv": [0, 0, 8, 8], "rotation": 90, "texture": "#5"},
				"down": {"uv": [0, 0, 8, 8], "rotation": 90, "texture": "#5"}
			}
		},
		{
			"from": [3.5, 7.4, 10.7],
			"to": [8, 9.65, 11.5],
			"faces": {
				"north": {"uv": [0, 0, 1, 1], "texture": "#1"},
				"east": {"uv": [0, 0, 0, 0], "texture": "#1"},
				"south": {"uv": [0, 8, 16, 16], "texture": "#1"},
				"west": {"uv": [0, 0, 0, 0], "texture": "#1"},
				"up": {"uv": [0, 0, 1, 1], "texture": "#1"},
				"down": {"uv": [0, 8, 16, 11], "texture": "#1"}
			}
		},
		{
			"from": [11.7, 7.4, 6.4],
			"to": [12.5, 9.65, 11.4],
			"faces": {
				"north": {"uv": [0, 0, 0, 0], "texture": "#1"},
				"east": {"uv": [0, 0, 14, 8], "texture": "#1"},
				"south": {"uv": [0, 0, 0, 0], "texture": "#1"},
				"west": {"uv": [0, 0, 1, 1], "texture": "#1"},
				"up": {"uv": [0, 0, 1, 1], "texture": "#1"},
				"down": {"uv": [0, 6, 14, 9], "rotation": 90, "texture": "#1"}
			}
		},
		{
			"from": [3.5, 7.4, 6.5],
			"to": [4.3, 9.65, 11.5],
			"faces": {
				"north": {"uv": [0, 0, 1, 1], "texture": "#1"},
				"east": {"uv": [0, 0, 1, 1], "texture": "#1"},
				"south": {"uv": [0, 0, 0, 0], "texture": "#1"},
				"west": {"uv": [0, 0, 14, 8], "texture": "#1"},
				"up": {"uv": [0, 0, 1, 1], "texture": "#1"},
				"down": {"uv": [0, 6, 14, 9], "rotation": 90, "texture": "#1"}
			}
		},
		{
			"from": [8.2, 7.4, 6.4],
			"to": [12.5, 9.65, 7.2],
			"faces": {
				"north": {"uv": [0, 0, 16, 8], "texture": "#1"},
				"east": {"uv": [0, 0, 0, 0], "texture": "#1"},
				"south": {"uv": [0, 0, 1, 1], "texture": "#1"},
				"west": {"uv": [0, 0, 8, 3], "rotation": 90, "texture": "#1"},
				"up": {"uv": [0, 0, 1, 1], "texture": "#1"},
				"down": {"uv": [0, 0, 16, 3], "texture": "#1"}
			}
		},
		{
			"from": [3.7, 7.4, 6.5],
			"to": [8, 9.65, 7.3],
			"faces": {
				"north": {"uv": [0, 8, 16, 16], "texture": "#1"},
				"east": {"uv": [0, 0, 8, 3], "rotation": 90, "texture": "#1"},
				"south": {"uv": [0, 0, 1, 1], "texture": "#1"},
				"west": {"uv": [0, 0, 0, 0], "texture": "#1"},
				"up": {"uv": [0, 0, 1, 1], "texture": "#1"},
				"down": {"uv": [0, 13, 16, 16], "texture": "#1"}
			}
		},
		{
			"from": [7.1, 9.65, 6.5],
			"to": [8.1, 13.5, 7.5],
			"faces": {
				"north": {"uv": [0, 0, 14, 4], "rotation": 90, "texture": "#1"},
				"east": {"uv": [0, 0, 0, 0], "texture": "#1"},
				"south": {"uv": [0, 0, 0, 0], "texture": "#1"},
				"west": {"uv": [0, 0, 1, 1], "texture": "#1"},
				"up": {"uv": [0, 0, 0, 0], "texture": "#1"},
				"down": {"uv": [0, 0, 1, 1], "texture": "#1"}
			}
		},
		{
			"from": [8.1, 9.65, 6.4],
			"to": [9, 13.5, 7.4],
			"faces": {
				"north": {"uv": [0, 4, 14, 8], "rotation": 90, "texture": "#1"},
				"east": {"uv": [0, 0, 1, 1], "texture": "#1"},
				"south": {"uv": [0, 0, 0, 0], "texture": "#1"},
				"west": {"uv": [0, 0, 1, 1], "texture": "#1"},
				"up": {"uv": [0, 0, 0, 0], "texture": "#1"},
				"down": {"uv": [0, 0, 1, 1], "texture": "#1"}
			}
		},
		{
			"from": [8.1, 15, 6.9],
			"to": [9, 18.1, 7.9],
			"faces": {
				"north": {"uv": [0, 0, 14, 4], "rotation": 90, "texture": "#1"},
				"east": {"uv": [0, 0, 1, 1], "texture": "#1"},
				"south": {"uv": [0, 0, 0, 0], "texture": "#1"},
				"west": {"uv": [0, 0, 1, 1], "texture": "#1"},
				"up": {"uv": [0, 0, 0, 0], "texture": "#1"},
				"down": {"uv": [0, 0, 0, 0], "texture": "#1"}
			}
		},
		{
			"from": [7.1, 15, 7],
			"to": [8.1, 18.1, 8],
			"faces": {
				"north": {"uv": [0, 4, 14, 8], "rotation": 90, "texture": "#1"},
				"east": {"uv": [0, 0, 0, 0], "texture": "#1"},
				"south": {"uv": [0, 0, 0, 0], "texture": "#1"},
				"west": {"uv": [0, 0, 1, 1], "texture": "#1"},
				"up": {"uv": [0, 0, 0, 0], "texture": "#1"},
				"down": {"uv": [0, 0, 0, 0], "texture": "#1"}
			}
		},
		{
			"from": [9, 9.65, 6.4],
			"to": [9.25, 11.3, 7.4],
			"faces": {
				"north": {"uv": [0, 0, 6, 1], "rotation": 90, "texture": "#1"},
				"east": {"uv": [0, 0, 1, 1], "texture": "#1"},
				"south": {"uv": [0, 0, 0, 0], "texture": "#1"},
				"west": {"uv": [0, 0, 0, 0], "texture": "#1"},
				"up": {"uv": [0, 0, 1, 1], "texture": "#1"},
				"down": {"uv": [0, 0, 0, 0], "texture": "#1"}
			}
		},
		{
			"from": [6.9, 9.65, 6.5],
			"to": [7.1, 11.3, 7.5],
			"faces": {
				"north": {"uv": [0, 0, 6, 1], "rotation": 90, "texture": "#1"},
				"east": {"uv": [0, 0, 0, 0], "texture": "#1"},
				"south": {"uv": [0, 0, 0, 0], "texture": "#1"},
				"west": {"uv": [0, 0, 1, 1], "texture": "#1"},
				"up": {"uv": [0, 0, 1, 1], "texture": "#1"},
				"down": {"uv": [0, 0, 0, 0], "texture": "#1"}
			}
		},
		{
			"from": [-3.37771, 16.59315, 7.4],
			"to": [-2.17771, 19.59315, 10.85],
			"rotation": {"angle": 45, "axis": "z", "origin": [4.62229, 17.69315, 9.125]},
			"faces": {
				"north": {"uv": [0, 0, 8, 4], "rotation": 90, "texture": "#1"},
				"east": {"uv": [0, 0, 8, 8], "rotation": 90, "texture": "#1"},
				"south": {"uv": [0, 0, 8, 4], "rotation": 90, "texture": "#1"},
				"west": {"uv": [0, 0, 8, 8], "rotation": 90, "texture": "#1"},
				"up": {"uv": [0, 0, 8, 4], "rotation": 90, "texture": "#1"},
				"down": {"uv": [0, 0, 8, 4], "rotation": 90, "texture": "#1"}
			}
		},
		{
			"from": [9.58318, 6.33297, 7.4],
			"to": [12.58318, 7.53297, 10.85],
			"rotation": {"angle": 22.5, "axis": "z", "origin": [1.33318, 17.93297, 8]},
			"faces": {
				"north": {"uv": [0, 0, 8, 4], "texture": "#1"},
				"east": {"uv": [0, 0, 8, 4], "texture": "#1"},
				"south": {"uv": [0, 0, 8, 4], "texture": "#1"},
				"west": {"uv": [0, 0, 8, 4], "texture": "#1"},
				"up": {"uv": [0, 0, 8, 8], "rotation": 90, "texture": "#1"},
				"down": {"uv": [0, 0, 8, 8], "rotation": 90, "texture": "#1"}
			}
		},
		{
			"from": [9.83318, 5.33297, 7.95],
			"to": [12.33318, 6.53297, 10.45],
			"rotation": {"angle": 22.5, "axis": "z", "origin": [1.33318, 17.93297, 8]},
			"faces": {
				"north": {"uv": [0, 0, 1, 1], "rotation": 270, "texture": "#5"},
				"east": {"uv": [0, 0, 1, 1], "rotation": 90, "texture": "#5"},
				"south": {"uv": [0, 0, 1, 1], "rotation": 90, "texture": "#5"},
				"west": {"uv": [0, 0, 1, 1], "rotation": 90, "texture": "#5"},
				"up": {"uv": [0, 0, 0, 0], "texture": "#5"},
				"down": {"uv": [0, 0, 1, 1], "rotation": 90, "texture": "#5"}
			}
		},
		{
			"from": [10.83318, 4.33297, 7.95],
			"to": [12.33318, 5.33297, 10.45],
			"rotation": {"angle": 22.5, "axis": "z", "origin": [1.33318, 17.93297, 8]},
			"faces": {
				"north": {"uv": [0, 0, 1, 1], "rotation": 270, "texture": "#5"},
				"east": {"uv": [0, 0, 1, 1], "rotation": 90, "texture": "#5"},
				"south": {"uv": [0, 0, 1, 1], "rotation": 90, "texture": "#5"},
				"west": {"uv": [0, 0, 1, 1], "rotation": 90, "texture": "#5"},
				"up": {"uv": [0, 0, 0, 0], "texture": "#5"},
				"down": {"uv": [0, 0, 1, 1], "rotation": 90, "texture": "#5"}
			}
		},
		{
			"from": [-4.52771, 16.84315, 7.95],
			"to": [-3.32771, 19.34315, 10.45],
			"rotation": {"angle": 45, "axis": "z", "origin": [4.62229, 17.69315, 9.125]},
			"faces": {
				"north": {"uv": [1, 0, 0, 1], "rotation": 180, "texture": "#5"},
				"east": {"uv": [0, 0, 0, 0], "texture": "#5"},
				"south": {"uv": [1, 0, 0, 1], "rotation": 180, "texture": "#5"},
				"west": {"uv": [1, 0, 0, 1], "rotation": 180, "texture": "#5"},
				"up": {"uv": [1, 0, 0, 1], "rotation": 180, "texture": "#5"},
				"down": {"uv": [1, 0, 0, 1], "rotation": 180, "texture": "#5"}
			}
		},
		{
			"from": [-5.52771, 17.84315, 7.95],
			"to": [-4.52771, 19.34315, 10.45],
			"rotation": {"angle": 45, "axis": "z", "origin": [4.62229, 17.69315, 9.125]},
			"faces": {
				"north": {"uv": [1, 0, 0, 1], "rotation": 180, "texture": "#5"},
				"east": {"uv": [0, 0, 0, 0], "texture": "#5"},
				"south": {"uv": [1, 0, 0, 1], "rotation": 180, "texture": "#5"},
				"west": {"uv": [1, 0, 0, 1], "rotation": 180, "texture": "#5"},
				"up": {"uv": [1, 0, 0, 1], "rotation": 180, "texture": "#5"},
				"down": {"uv": [1, 0, 0, 1], "rotation": 180, "texture": "#5"}
			}
		},
		{
			"from": [4.85, 18.25, 6.4],
			"to": [11, 21.1, 12.15],
			"faces": {
				"north": {"uv": [0, 0, 1, 1], "texture": "#1"},
				"east": {"uv": [0, 0, 15.96953, 8.15938], "texture": "#1"},
				"south": {"uv": [0, 0, 15.96953, 8.15938], "texture": "#1"},
				"west": {"uv": [0, 0, 15.96953, 8.15938], "texture": "#1"},
				"up": {"uv": [0, 0, 1, 1], "texture": "#1"},
				"down": {"uv": [0, 0, 16, 14], "texture": "#1"}
			}
		},
		{
			"from": [7.85, 20, 5.8],
			"to": [11, 21.1, 8.55],
			"rotation": {"angle": 22.5, "axis": "y", "origin": [8, 8, 8]},
			"faces": {
				"north": {"uv": [8, 0, 15.96953, 4.15938], "texture": "#1"},
				"east": {"uv": [0, 0, 0, 0], "texture": "#1"},
				"south": {"uv": [0, 0, 0, 0], "texture": "#1"},
				"west": {"uv": [0, 0, 0, 0], "texture": "#1"},
				"up": {"uv": [0, 0, 1, 1], "texture": "#1"},
				"down": {"uv": [0, 0, 1, 1], "texture": "#1"}
			}
		},
		{
			"from": [4.85, 20, 5.8],
			"to": [8, 21.1, 8.55],
			"rotation": {"angle": -22.5, "axis": "y", "origin": [8, 8, 8]},
			"faces": {
				"north": {"uv": [8, 0, 15.96953, 4.15938], "texture": "#1"},
				"east": {"uv": [0, 0, 0, 0], "texture": "#1"},
				"south": {"uv": [0, 0, 0, 0], "texture": "#1"},
				"west": {"uv": [0, 0, 0, 0], "texture": "#1"},
				"up": {"uv": [0, 0, 1, 1], "texture": "#1"},
				"down": {"uv": [0, 0, 1, 1], "texture": "#1"}
			}
		},
		{
			"from": [0.78339, 17.80575, 6.15],
			"to": [4.13339, 20.20575, 10.4],
			"rotation": {"angle": -22.5, "axis": "z", "origin": [3.93339, 7.80575, 8]},
			"faces": {
				"north": {"uv": [0, 0, 8.96953, 6.15938], "texture": "#1"},
				"east": {"uv": [0, 0, 1, 1], "texture": "#1"},
				"south": {"uv": [0, 0, 1, 1], "texture": "#1"},
				"west": {"uv": [0, 0, 1, 1], "texture": "#1"},
				"up": {"uv": [0, 0, 1, 1], "texture": "#1"},
				"down": {"uv": [0, 0, 8.96953, 2.15937], "texture": "#1"}
			}
		},
		{
			"from": [11.74758, 17.90142, 6.15],
			"to": [15.04758, 20.30142, 10.4],
			"rotation": {"angle": 22.5, "axis": "z", "origin": [12.14758, 7.90142, 8]},
			"faces": {
				"north": {"uv": [0, 0, 8.96953, 6.15938], "texture": "#1"},
				"east": {"uv": [1, 0, 0, 1], "texture": "#1"},
				"south": {"uv": [1, 0, 0, 1], "texture": "#1"},
				"west": {"uv": [0, 0, 0, 0], "texture": "#1"},
				"up": {"uv": [1, 0, 0, 1], "texture": "#1"},
				"down": {"uv": [0, 0, 8.96953, 2.15937], "texture": "#1"}
			}
		},
		{
			"from": [9.07641, 20, 4.70935],
			"to": [10.77641, 21.1, 6.45935],
			"rotation": {"angle": -22.5, "axis": "y", "origin": [9.22641, 8, 6.90935]},
			"faces": {
				"north": {"uv": [0, 0, 7.96953, 4.15938], "texture": "#1"},
				"east": {"uv": [0, 0, 5.96953, 4.15938], "texture": "#1"},
				"south": {"uv": [0, 0, 0, 0], "texture": "#1"},
				"west": {"uv": [0, 0, 0, 0], "texture": "#1"},
				"up": {"uv": [0, 0, 1, 1], "texture": "#1"},
				"down": {"uv": [0, 0, 1, 1], "texture": "#1"}
			}
		},
		{
			"from": [5.30179, 20, 2.98769],
			"to": [6.85179, 21.1, 4.73769],
			"rotation": {"angle": 22.5, "axis": "y", "origin": [10.85179, 8, 6.18769]},
			"faces": {
				"north": {"uv": [0, 0, 7.96953, 4.15938], "texture": "#1"},
				"east": {"uv": [0, 0, 0, 0], "texture": "#1"},
				"south": {"uv": [0, 0, 0, 0], "texture": "#1"},
				"west": {"uv": [0, 0, 5.96953, 4.15938], "texture": "#1"},
				"up": {"uv": [0, 0, 1, 1], "texture": "#1"},
				"down": {"uv": [0, 0, 1, 1], "texture": "#1"}
			}
		},
		{
			"from": [8.85, 18.25, 6.2],
			"to": [11, 21.1, 6.4],
			"faces": {
				"north": {"uv": [0, 0, 5.96953, 5.15938], "texture": "#1"},
				"east": {"uv": [0, 0, 1, 1], "texture": "#1"},
				"south": {"uv": [0, 0, 0, 0], "texture": "#1"},
				"west": {"uv": [0, 0, 1, 1], "texture": "#1"},
				"up": {"uv": [0, 0, 1, 1], "texture": "#1"},
				"down": {"uv": [0, 0, 0, 0], "texture": "#1"}
			}
		},
		{
			"from": [4.85, 18.25, 6.2],
			"to": [7, 21.1, 6.4],
			"faces": {
				"north": {"uv": [0, 0, 5.96953, 5.15938], "texture": "#1"},
				"east": {"uv": [0, 0, 1, 1], "texture": "#1"},
				"south": {"uv": [0, 0, 0, 0], "texture": "#1"},
				"west": {"uv": [0, 0, 1, 1], "texture": "#1"},
				"up": {"uv": [0, 0, 1, 1], "texture": "#1"},
				"down": {"uv": [0, 0, 0, 0], "texture": "#1"}
			}
		},
		{
			"from": [8.85, 21.65, 5.9],
			"to": [9.6, 22.35, 6.4],
			"faces": {
				"north": {"uv": [1, 1, 3, 3], "texture": "#6"},
				"east": {"uv": [0, 0, 1, 1], "texture": "#6"},
				"south": {"uv": [0, 0, 0, 0], "texture": "#6"},
				"west": {"uv": [0, 0, 1, 1], "texture": "#6"},
				"up": {"uv": [0, 0, 1, 1], "texture": "#6"},
				"down": {"uv": [0, 0, 1, 1], "texture": "#6"}
			}
		},
		{
			"from": [6.25, 21.65, 5.9],
			"to": [7, 22.35, 6.4],
			"faces": {
				"north": {"uv": [1, 1, 3, 3], "texture": "#6"},
				"east": {"uv": [0, 0, 1, 1], "texture": "#6"},
				"south": {"uv": [0, 0, 0, 0], "texture": "#6"},
				"west": {"uv": [0, 0, 1, 1], "texture": "#6"},
				"up": {"uv": [0, 0, 1, 1], "texture": "#6"},
				"down": {"uv": [0, 0, 1, 1], "texture": "#6"}
			}
		},
		{
			"from": [5.1, 20.25, 6.5],
			"to": [10.75, 23.1, 12.05],
			"faces": {
				"north": {"uv": [7, 13, 7, 13], "texture": "#7"},
				"east": {"uv": [11, 13, 9.96953, 14.15938], "texture": "#7"},
				"south": {"uv": [10, 13, 11.15938, 13.96953], "rotation": 270, "texture": "#7"},
				"west": {"uv": [11, 13, 9.96953, 14.15938], "texture": "#7"},
				"up": {"uv": [0, 0, 0, 0], "texture": "#7"},
				"down": {"uv": [0, 0, 0, 0], "texture": "#7"}
			}
		},
		{
			"from": [4.35, 22.75, 5.5],
			"to": [11.5, 24.1, 13.15],
			"faces": {
				"north": {"uv": [0, 0, 16, 3], "texture": "#1"},
				"east": {"uv": [0, 0, 16, 3], "texture": "#1"},
				"south": {"uv": [0, 0, 16, 3], "texture": "#1"},
				"west": {"uv": [0, 0, 16, 3], "texture": "#1"},
				"up": {"uv": [0, 0, 16, 16], "texture": "#1"},
				"down": {"uv": [0, 0, 16, 16], "texture": "#1"}
			}
		},
		{
			"from": [0.7409, 20.05524, 8],
			"to": [3.6409, 22.90524, 10.9],
			"rotation": {"angle": 0, "axis": "z", "origin": [4.0659, 23.23024, 9.325]},
			"faces": {
				"north": {"uv": [0, 0, 10, 10], "rotation": 180, "texture": "#1"},
				"east": {"uv": [0, 0, 10, 10], "rotation": 180, "texture": "#1"},
				"south": {"uv": [0, 0, 10, 10], "rotation": 180, "texture": "#1"},
				"west": {"uv": [0, 0, 10, 10], "rotation": 180, "texture": "#1"},
				"up": {"uv": [0, 0, 10, 10], "rotation": 180, "texture": "#1"},
				"down": {"uv": [0, 0, 10, 10], "rotation": 180, "texture": "#1"}
			}
		},
		{
			"from": [5.35, 20.25, 5.7],
			"to": [9.25, 21.35, 8.55],
			"rotation": {"angle": -22.5, "axis": "y", "origin": [7, 8.25, 8]},
			"faces": {
				"north": {"uv": [0, 0, 1, 1], "texture": "#1"},
				"east": {"uv": [0, 0, 0, 0], "texture": "#1"},
				"south": {"uv": [0, 0, 0, 0], "texture": "#1"},
				"west": {"uv": [0, 0, 0, 0], "texture": "#1"},
				"up": {"uv": [0, 0, 1, 1], "texture": "#1"},
				"down": {"uv": [0, 0, 1, 1], "texture": "#1"}
			}
		},
		{
			"from": [6.75, 20.25, 5.7],
			"to": [10.65, 21.35, 8.55],
			"rotation": {"angle": 22.5, "axis": "y", "origin": [9, 8.25, 8]},
			"faces": {
				"north": {"uv": [1, 0, 0, 1], "texture": "#1"},
				"east": {"uv": [0, 0, 0, 0], "texture": "#1"},
				"south": {"uv": [0, 0, 0, 0], "texture": "#1"},
				"west": {"uv": [0, 0, 0, 0], "texture": "#1"},
				"up": {"uv": [1, 0, 0, 1], "texture": "#1"},
				"down": {"uv": [1, 0, 0, 1], "texture": "#1"}
			}
		},
		{
			"from": [5.60497, 20.25, 5.16424],
			"to": [7.25497, 21.35, 8.01424],
			"rotation": {"angle": 22.5, "axis": "y", "origin": [7.00497, 8.25, 7.46424]},
			"faces": {
				"north": {"uv": [0, 0, 1, 1], "texture": "#1"},
				"east": {"uv": [0, 0, 0, 0], "texture": "#1"},
				"south": {"uv": [0, 0, 0, 0], "texture": "#1"},
				"west": {"uv": [0, 0, 1, 1], "texture": "#1"},
				"up": {"uv": [0, 0, 1, 1], "texture": "#1"},
				"down": {"uv": [0, 0, 1, 1], "texture": "#1"}
			}
		},
		{
			"from": [8.74503, 20.25, 5.16424],
			"to": [10.39503, 21.35, 8.01424],
			"rotation": {"angle": -22.5, "axis": "y", "origin": [8.99503, 8.25, 7.46424]},
			"faces": {
				"north": {"uv": [1, 0, 0, 1], "texture": "#1"},
				"east": {"uv": [1, 0, 0, 1], "texture": "#1"},
				"south": {"uv": [0, 0, 0, 0], "texture": "#1"},
				"west": {"uv": [0, 0, 0, 0], "texture": "#1"},
				"up": {"uv": [1, 0, 0, 1], "texture": "#1"},
				"down": {"uv": [1, 0, 0, 1], "texture": "#1"}
			}
		},
		{
			"from": [1.50505, 17.92518, 5.76],
			"to": [4.52005, 20.08518, 9.635],
			"rotation": {"angle": -22.5, "axis": "z", "origin": [4.34005, 8.92518, 7.475]},
			"faces": {
				"north": {"uv": [0, 0, 8.96953, 6.15938], "texture": "#1"},
				"east": {"uv": [0, 0, 1, 1], "texture": "#1"},
				"south": {"uv": [0, 0, 0, 0], "texture": "#1"},
				"west": {"uv": [0, 0, 1, 1], "texture": "#1"},
				"up": {"uv": [0, 0, 1, 1], "texture": "#1"},
				"down": {"uv": [0, 0, 8.96953, 2.15937], "texture": "#1"}
			}
		},
		{
			"from": [8.765, 18.325, 5.81],
			"to": [10.7, 20.89, 6.035],
			"faces": {
				"north": {"uv": [0, 0, 5.96953, 5.15938], "texture": "#1"},
				"east": {"uv": [0, 0, 1, 1], "texture": "#1"},
				"south": {"uv": [0, 0, 1, 1], "texture": "#1"},
				"west": {"uv": [0, 0, 1, 1], "texture": "#1"},
				"up": {"uv": [0, 0, 1, 1], "texture": "#1"},
				"down": {"uv": [0, 0, 0, 0], "texture": "#1"}
			}
		},
		{
			"from": [11.37283, 18.01128, 5.71],
			"to": [14.34283, 20.17128, 9.635],
			"rotation": {"angle": 22.5, "axis": "z", "origin": [11.73283, 9.01128, 7.475]},
			"faces": {
				"north": {"uv": [0, 0, 8.96953, 6.15938], "texture": "#1"},
				"east": {"uv": [1, 0, 0, 1], "texture": "#1"},
				"south": {"uv": [0, 0, 0, 0], "texture": "#1"},
				"west": {"uv": [1, 0, 0, 1], "texture": "#1"},
				"up": {"uv": [1, 0, 0, 1], "texture": "#1"},
				"down": {"uv": [0, 0, 8.96953, 2.15937], "texture": "#1"}
			}
		},
		{
			"from": [5.165, 18.325, 5.81],
			"to": [7.1, 20.89, 6.035],
			"faces": {
				"north": {"uv": [0, 0, 5.96953, 5.15938], "texture": "#1"},
				"east": {"uv": [0, 0, 1, 1], "texture": "#1"},
				"south": {"uv": [0, 0, 1, 1], "texture": "#1"},
				"west": {"uv": [0, 0, 1, 1], "texture": "#1"},
				"up": {"uv": [0, 0, 1, 1], "texture": "#1"},
				"down": {"uv": [0, 0, 0, 0], "texture": "#1"}
			}
		},
		{
			"from": [8, 7.4, 10.7],
			"to": [12.5, 9.65, 11.5],
			"faces": {
				"north": {"uv": [0, 0, 1, 1], "texture": "#1"},
				"east": {"uv": [0, 0, 1, 1], "texture": "#1"},
				"south": {"uv": [0, 0, 16, 8], "texture": "#1"},
				"west": {"uv": [0, 0, 0, 0], "texture": "#1"},
				"up": {"uv": [0, 0, 1, 1], "texture": "#1"},
				"down": {"uv": [0, 6, 16, 9], "texture": "#1"}
			}
		},
		{
			"from": [5.35, 21.15, 6.4],
			"to": [10.5, 23.85, 11.65],
			"faces": {
				"north": {"uv": [11, 13, 10, 14], "texture": "#7"},
				"east": {"uv": [9, 13, 8, 13], "texture": "#7"},
				"south": {"uv": [10, 13, 9, 12], "rotation": 270, "texture": "#7"},
				"west": {"uv": [9, 13, 8, 13], "texture": "#7"},
				"up": {"uv": [0, 0, 0, 0], "texture": "#7"},
				"down": {"uv": [0, 0, 0, 0], "texture": "#7"}
			}
		},
		{
			"from": [7.35, 21.15, 5.65],
			"to": [8.5, 22.1, 6.4],
			"faces": {
				"north": {"uv": [2.5, 2.5, 3, 3], "texture": "#8"},
				"east": {"uv": [2.5, 2.5, 3, 3], "texture": "#8"},
				"south": {"uv": [2.5, 2.5, 3, 3], "texture": "#8"},
				"west": {"uv": [2.5, 2.5, 3, 3], "texture": "#8"},
				"up": {"uv": [2.5, 2.5, 3, 3], "texture": "#8"},
				"down": {"uv": [2.5, 2.5, 3, 3], "texture": "#8"}
			}
		},
		{
			"from": [5.35, 19.8, 6.3],
			"to": [9.75, 20.65, 12.05],
			"faces": {
				"north": {"uv": [0, 0, 1, 1], "texture": "#4"},
				"east": {"uv": [0, 0, 0, 0], "texture": "#4"},
				"south": {"uv": [0, 0, 0, 0], "texture": "#4"},
				"west": {"uv": [0, 0, 0, 0], "texture": "#4"},
				"up": {"uv": [0, 0, 0, 0], "texture": "#4"},
				"down": {"uv": [0, 0, 1, 1], "texture": "#4"}
			}
		},
		{
			"from": [1.27974, 22.76744, 8.25],
			"to": [2.92974, 23.86744, 10.4],
			"rotation": {"angle": 0, "axis": "z", "origin": [4.35474, 23.44244, 9.575]},
			"faces": {
				"north": {"uv": [5.5, 0, 13, 4], "rotation": 180, "texture": "#4"},
				"east": {"uv": [5.5, 0, 13, 4], "rotation": 180, "texture": "#4"},
				"south": {"uv": [5.5, 0, 13, 4], "rotation": 180, "texture": "#4"},
				"west": {"uv": [5.5, 0, 13, 4], "rotation": 180, "texture": "#4"},
				"up": {"uv": [0, 0, 0, 0], "texture": "#4"},
				"down": {"uv": [0, 0, 0, 0], "texture": "#4"}
			}
		},
		{
			"from": [1.78233, 22.54415, 8],
			"to": [3.43233, 24.89415, 10.65],
			"rotation": {"angle": -22.5, "axis": "z", "origin": [4.85733, 24.46915, 9.325]},
			"faces": {
				"north": {"uv": [5.5, 1, 13, 4.5], "rotation": 180, "texture": "#4"},
				"east": {"uv": [5.5, 1, 13, 4.5], "rotation": 180, "texture": "#4"},
				"south": {"uv": [5.5, 1, 13, 4.5], "rotation": 180, "texture": "#4"},
				"west": {"uv": [5.5, 1, 13, 4.5], "texture": "#4"},
				"up": {"uv": [0, 0, 0, 0], "texture": "#4"},
				"down": {"uv": [5.5, 1, 13, 4.5], "rotation": 180, "texture": "#4"}
			}
		},
		{
			"from": [3.58958, 26.20038, 7.75],
			"to": [6.13958, 28.35038, 10.9],
			"rotation": {"angle": 45, "axis": "z", "origin": [5.51458, 25.27538, 9.325]},
			"faces": {
				"north": {"uv": [5.5, 1, 13, 4.5], "rotation": 270, "texture": "#4"},
				"east": {"uv": [0, 0, 0, 0], "texture": "#4"},
				"south": {"uv": [5.5, 1, 13, 4.5], "rotation": 270, "texture": "#4"},
				"west": {"uv": [5.5, 1, 13, 4.5], "rotation": 270, "texture": "#4"},
				"up": {"uv": [5.5, 1, 13, 4.5], "rotation": 270, "texture": "#4"},
				"down": {"uv": [5.5, 1, 13, 4.5], "rotation": 270, "texture": "#4"}
			}
		},
		{
			"from": [4.53723, 26.4933, 7.5],
			"to": [7.38723, 29.1433, 11.15],
			"rotation": {"angle": 22.5, "axis": "z", "origin": [6.96223, 26.3183, 9.325]},
			"faces": {
				"north": {"uv": [5.5, 1, 13, 4.5], "rotation": 270, "texture": "#4"},
				"east": {"uv": [0, 0, 0, 0], "texture": "#4"},
				"south": {"uv": [5.5, 1, 13, 4.5], "rotation": 270, "texture": "#4"},
				"west": {"uv": [5.5, 1, 13, 4.5], "rotation": 270, "texture": "#4"},
				"up": {"uv": [5.5, 1, 13, 4.5], "rotation": 270, "texture": "#4"},
				"down": {"uv": [5.5, 1, 13, 4.5], "rotation": 270, "texture": "#4"}
			}
		},
		{
			"from": [6.17813, 25.67187, 7.25],
			"to": [7.77813, 29.32187, 11.4],
			"rotation": {"angle": 0, "axis": "z", "origin": [7.35313, 26.24687, 9.325]},
			"faces": {
				"north": {"uv": [5.5, 1.5, 13, 3], "rotation": 90, "texture": "#4"},
				"east": {"uv": [0, 0, 0, 0], "texture": "#4"},
				"south": {"uv": [5.5, 1.5, 13, 3], "rotation": 90, "texture": "#4"},
				"west": {"uv": [5.5, 1.5, 13, 3], "rotation": 90, "texture": "#4"},
				"up": {"uv": [5.5, 1, 13, 3.5], "rotation": 90, "texture": "#4"},
				"down": {"uv": [0, 0, 0, 0], "texture": "#4"}
			}
		},
		{
			"from": [6.51194, 25.20629, 6.75],
			"to": [8.11194, 29.10629, 11.9],
			"rotation": {"angle": -22.5, "axis": "z", "origin": [7.68694, 26.03129, 9.325]},
			"faces": {
				"north": {"uv": [5.5, 1.5, 13, 4.5], "rotation": 90, "texture": "#4"},
				"east": {"uv": [0, 0, 0, 0], "texture": "#4"},
				"south": {"uv": [5.5, 1.5, 13, 4.5], "rotation": 90, "texture": "#4"},
				"west": {"uv": [5.5, 1.5, 13, 4.5], "rotation": 90, "texture": "#4"},
				"up": {"uv": [5.5, 1.5, 13, 4.5], "rotation": 90, "texture": "#4"},
				"down": {"uv": [0, 0, 0, 0], "texture": "#4"}
			}
		},
		{
			"from": [6.33783, 25.27937, 6.25],
			"to": [10.98783, 26.87937, 12.4],
			"rotation": {"angle": 45, "axis": "z", "origin": [7.91283, 25.70437, 9.325]},
			"faces": {
				"north": {"uv": [5.5, 1, 13, 3.5], "texture": "#4"},
				"east": {"uv": [5.5, 1, 13, 3.5], "texture": "#4"},
				"south": {"uv": [5.5, 1, 13, 3.5], "texture": "#4"},
				"west": {"uv": [0, 0, 0, 0], "texture": "#4"},
				"up": {"uv": [5.5, 1, 13, 3.5], "texture": "#4"},
				"down": {"uv": [0, 0, 0, 0], "texture": "#4"}
			}
		},
		{
			"from": [6.42143, 24.8909, 6],
			"to": [11.07143, 26.4909, 12.65],
			"rotation": {"angle": 22.5, "axis": "z", "origin": [7.99643, 25.3159, 9.325]},
			"faces": {
				"north": {"uv": [5.5, 1, 13, 4], "texture": "#4"},
				"east": {"uv": [5.5, 1, 13, 4], "texture": "#4"},
				"south": {"uv": [5.5, 1, 13, 4], "texture": "#4"},
				"west": {"uv": [0, 0, 0, 0], "texture": "#4"},
				"up": {"uv": [5.5, 1, 13, 4], "texture": "#4"},
				"down": {"uv": [0, 0, 0, 0], "texture": "#4"}
			}
		},
		{
			"from": [6.85, 23.75, 5.9],
			"to": [11, 26.1, 12.75],
			"rotation": {"angle": 0, "axis": "y", "origin": [7.925, 25.175, 9.325]},
			"faces": {
				"north": {"uv": [5.5, 0, 11.5, 5.5], "texture": "#4"},
				"east": {"uv": [5.5, 2, 13, 5.5], "texture": "#4"},
				"south": {"uv": [7, 0, 13, 5.5], "texture": "#4"},
				"west": {"uv": [5.5, 0, 13, 5.5], "texture": "#4"},
				"up": {"uv": [5.5, 0, 13, 5.5], "texture": "#4"},
				"down": {"uv": [0, 0, 0, 0], "texture": "#4"}
			}
		},
		{
			"from": [5.61779, 22.91641, 5.95],
			"to": [7.26779, 25.26641, 12.7],
			"rotation": {"angle": -22.5, "axis": "z", "origin": [7.19279, 24.34141, 9.325]},
			"faces": {
				"north": {"uv": [5.5, 1.5, 13, 5.5], "texture": "#4"},
				"east": {"uv": [0, 0, 0, 0], "texture": "#4"},
				"south": {"uv": [5.5, 1.5, 13, 5.5], "texture": "#4"},
				"west": {"uv": [5.5, 1.5, 13, 5.5], "texture": "#4"},
				"up": {"uv": [5.5, 1.5, 13, 5.5], "texture": "#4"},
				"down": {"uv": [0, 0, 0, 0], "texture": "#4"}
			}
		},
		{
			"from": [0.87229, 16.74315, 7.5],
			"to": [4.72229, 19.44315, 10.75],
			"rotation": {"angle": 45, "axis": "z", "origin": [4.62229, 17.69315, 9.125]},
			"faces": {
				"north": {"uv": [8, 2.5, 12.5, 3.5], "rotation": 180, "texture": "#4"},
				"east": {"uv": [5.5, 0, 5.5, 5.5], "rotation": 180, "texture": "#4"},
				"south": {"uv": [10, 2, 10, 5.5], "rotation": 180, "texture": "#4"},
				"west": {"uv": [8.5, 0, 12.5, 5], "rotation": 180, "texture": "#4"},
				"up": {"uv": [8, 1.5, 13, 1.5], "rotation": 180, "texture": "#4"},
				"down": {"uv": [8, 0, 13, 5.5], "rotation": 180, "texture": "#4"}
			}
		},
		{
			"from": [-3.12771, 16.84315, 7.6],
			"to": [4.82229, 19.34315, 10.65],
			"rotation": {"angle": 45, "axis": "z", "origin": [4.62229, 17.69315, 9.125]},
			"faces": {
				"north": {"uv": [8, 2.5, 12.5, 3.5], "rotation": 180, "texture": "#4"},
				"east": {"uv": [0, 0, 0, 0], "texture": "#4"},
				"south": {"uv": [10, 2, 10, 5.5], "rotation": 180, "texture": "#4"},
				"west": {"uv": [1, 0, 2, 0], "texture": "#4"},
				"up": {"uv": [8, 1.5, 13, 1.5], "rotation": 180, "texture": "#4"},
				"down": {"uv": [8, 0, 13, 5.5], "rotation": 180, "texture": "#4"}
			}
		},
		{
			"from": [3.49698, 17.00129, 7.55],
			"to": [12.89698, 19.00129, 10.7],
			"faces": {
				"north": {"uv": [8, 0, 13, 5.5], "texture": "#4"},
				"east": {"uv": [12.5, 0, 13, 5.5], "texture": "#4"},
				"south": {"uv": [8.5, 0, 13, 5.5], "texture": "#4"},
				"west": {"uv": [8.5, 0, 13, 5.5], "texture": "#4"},
				"up": {"uv": [8.5, 2, 12.5, 5], "texture": "#4"},
				"down": {"uv": [0, 0, 0, 0], "texture": "#4"}
			}
		},
		{
			"from": [9.83318, 10.33297, 7.5],
			"to": [12.43318, 14.48297, 10.75],
			"rotation": {"angle": 22.5, "axis": "z", "origin": [1.33318, 17.93297, 8]},
			"faces": {
				"north": {"uv": [10.5, 2.5, 12.5, 3.5], "rotation": 270, "texture": "#4"},
				"east": {"uv": [12, 0, 10.5, 5.5], "rotation": 270, "texture": "#4"},
				"south": {"uv": [13, 2, 10, 5.5], "rotation": 270, "texture": "#4"},
				"west": {"uv": [11.5, 0, 12.5, 5], "rotation": 270, "texture": "#4"},
				"up": {"uv": [11, 3.5, 12.5, 1], "rotation": 270, "texture": "#4"},
				"down": {"uv": [8, 0, 13, 5.5], "rotation": 270, "texture": "#4"}
			}
		},
		{
			"from": [9.83318, 6.58297, 7.6],
			"to": [12.33318, 14.53297, 10.65],
			"rotation": {"angle": 22.5, "axis": "z", "origin": [1.33318, 17.93297, 8]},
			"faces": {
				"north": {"uv": [10.5, 2.5, 12.5, 3.5], "rotation": 270, "texture": "#4"},
				"east": {"uv": [12, 0, 10.5, 5.5], "rotation": 270, "texture": "#4"},
				"south": {"uv": [13, 2, 10, 5.5], "rotation": 270, "texture": "#4"},
				"west": {"uv": [11.5, 0, 12.5, 5], "rotation": 270, "texture": "#4"},
				"up": {"uv": [2, 1, 3, 2], "texture": "#4"},
				"down": {"uv": [2.5, 0, 0, 0], "texture": "#4"}
			}
		},
		{
			"from": [4.2, 15, 7.15],
			"to": [11.8, 17, 11],
			"faces": {
				"north": {"uv": [8, 5.5, 12.5, 3.5], "texture": "#4"},
				"east": {"uv": [8, 0, 12, 5.5], "texture": "#4"},
				"south": {"uv": [10, 5, 10, 5.5], "texture": "#4"},
				"west": {"uv": [8.5, 0, 12.5, 5], "texture": "#4"},
				"up": {"uv": [8, 1.5, 13, 1.5], "texture": "#4"},
				"down": {"uv": [8, 0, 13, 5.5], "texture": "#4"}
			}
		},
		{
			"from": [4.95, 9.5, 6.6],
			"to": [11.05, 13.25, 7.2],
			"faces": {
				"north": {"uv": [12.5, 2.5, 8, 3.5], "texture": "#4"},
				"east": {"uv": [5.5, 0, 5.5, 5.5], "texture": "#4"},
				"south": {"uv": [4.5, 2, 4, 0], "texture": "#4"},
				"west": {"uv": [8.5, 0, 12.5, 5], "texture": "#4"},
				"up": {"uv": [2.5, 1.5, 0, 0], "texture": "#4"},
				"down": {"uv": [8, 0, 13, 5.5], "texture": "#4"}
			}
		},
		{
			"from": [3.95, 9.5, 6.8],
			"to": [12.05, 13.25, 11.2],
			"faces": {
				"north": {"uv": [8, 2.5, 12.5, 3.5], "texture": "#4"},
				"east": {"uv": [8, 0, 12, 5.5], "texture": "#4"},
				"south": {"uv": [10, 2, 10, 5.5], "texture": "#4"},
				"west": {"uv": [8.5, 0, 12.5, 5], "texture": "#4"},
				"up": {"uv": [2.5, 1.5, 0, 0], "texture": "#4"},
				"down": {"uv": [2.5, 0, 0, 0], "texture": "#4"}
			}
		},
		{
			"from": [3.7, 9.5, 6.9],
			"to": [12.3, 12.1, 11.1],
			"faces": {
				"north": {"uv": [8, 2.5, 12.5, 3.5], "texture": "#4"},
				"east": {"uv": [8, 2.5, 12, 5.5], "texture": "#4"},
				"south": {"uv": [10, 2, 10, 5.5], "texture": "#4"},
				"west": {"uv": [8.5, 2.5, 12.5, 5], "texture": "#4"},
				"up": {"uv": [8, 1.5, 13, 1.5], "texture": "#4"},
				"down": {"uv": [2.5, 0, 0, 0], "texture": "#4"}
			}
		},
		{
			"from": [4.7, 3.85, 7.8],
			"to": [7.3, 6.475, 10.3],
			"faces": {
				"north": {"uv": [5.5, 0, 13, 5.5], "texture": "#4"},
				"east": {"uv": [5.5, 0, 13, 5.5], "texture": "#4"},
				"south": {"uv": [5.5, 0, 13, 5.5], "texture": "#4"},
				"west": {"uv": [5.5, 0, 13, 5.5], "texture": "#4"},
				"up": {"uv": [5.5, 0, 13, 5.5], "texture": "#4"},
				"down": {"uv": [0, 0, 0, 0], "texture": "#4"}
			}
		},
		{
			"from": [4.8, 5.75, 7.55],
			"to": [7.2, 7.85, 10.05],
			"faces": {
				"north": {"uv": [0, 0, 5.5, 5.5], "texture": "#4"},
				"east": {"uv": [0, 0, 5.5, 5.5], "texture": "#4"},
				"south": {"uv": [0, 0, 5.5, 5.5], "texture": "#4"},
				"west": {"uv": [0, 0, 5.5, 5.5], "texture": "#4"},
				"up": {"uv": [0, 0, 5.5, 5.5], "texture": "#4"},
				"down": {"uv": [0, 0, 5.5, 5.5], "texture": "#4"}
			}
		},
		{
			"from": [4.6, 7.525, 7.8],
			"to": [7.4, 10.15, 10.3],
			"faces": {
				"north": {"uv": [5.5, 0, 13, 5.5], "texture": "#4"},
				"east": {"uv": [5.5, 0, 13, 5.5], "texture": "#4"},
				"south": {"uv": [5.5, 0, 13, 5.5], "texture": "#4"},
				"west": {"uv": [5.5, 0, 13, 5.5], "texture": "#4"},
				"up": {"uv": [0, 0, 0, 0], "texture": "#4"},
				"down": {"uv": [5.5, 0, 13, 5.5], "texture": "#4"}
			}
		},
		{
			"from": [8.6, 7.525, 7.8],
			"to": [11.4, 10.15, 10.3],
			"faces": {
				"north": {"uv": [5.5, 0, 13, 5.5], "texture": "#4"},
				"east": {"uv": [5.5, 0, 13, 5.5], "texture": "#4"},
				"south": {"uv": [5.5, 0, 13, 5.5], "texture": "#4"},
				"west": {"uv": [5.5, 0, 13, 5.5], "texture": "#4"},
				"up": {"uv": [0, 0, 0, 0], "texture": "#4"},
				"down": {"uv": [5.5, 0, 13, 5.5], "texture": "#4"}
			}
		},
		{
			"from": [8.8, 5.75, 7.55],
			"to": [11.2, 7.85, 10.05],
			"faces": {
				"north": {"uv": [0, 0, 5.5, 5.5], "texture": "#4"},
				"east": {"uv": [0, 0, 5.5, 5.5], "texture": "#4"},
				"south": {"uv": [0, 0, 5.5, 5.5], "texture": "#4"},
				"west": {"uv": [0, 0, 5.5, 5.5], "texture": "#4"},
				"up": {"uv": [0, 0, 5.5, 5.5], "texture": "#4"},
				"down": {"uv": [0, 0, 5.5, 5.5], "texture": "#4"}
			}
		},
		{
			"from": [8.7, 3.85, 7.8],
			"to": [11.3, 6.475, 10.3],
			"faces": {
				"north": {"uv": [5.5, 0, 13, 5.5], "texture": "#4"},
				"east": {"uv": [5.5, 0, 13, 5.5], "texture": "#4"},
				"south": {"uv": [5.5, 0, 13, 5.5], "texture": "#4"},
				"west": {"uv": [5.5, 0, 13, 5.5], "texture": "#4"},
				"up": {"uv": [5.5, 0, 13, 5.5], "texture": "#4"},
				"down": {"uv": [0, 0, 0, 0], "texture": "#4"}
			}
		},
		{
			"from": [4.45, 8.275, 7.65],
			"to": [7.8, 10.4, 10.5],
			"faces": {
				"north": {"uv": [5.5, 0, 13, 5.5], "texture": "#4"},
				"east": {"uv": [5.5, 0, 13, 5.5], "texture": "#4"},
				"south": {"uv": [5.5, 0, 13, 5.5], "texture": "#4"},
				"west": {"uv": [5.5, 0, 13, 5.5], "texture": "#4"},
				"up": {"uv": [0, 0, 0, 0], "texture": "#4"},
				"down": {"uv": [5.5, 0, 13, 5.5], "texture": "#4"}
			}
		},
		{
			"from": [4.2, 8.525, 7.3],
			"to": [8.05, 10.15, 10.8],
			"faces": {
				"north": {"uv": [5.5, 0, 13, 5.5], "texture": "#1"},
				"east": {"uv": [5.5, 0, 13, 5.5], "texture": "#1"},
				"south": {"uv": [0, 0, 0, 0], "texture": "#1"},
				"west": {"uv": [0, 0, 0, 0], "texture": "#1"},
				"up": {"uv": [0, 0, 0, 0], "texture": "#1"},
				"down": {"uv": [5.5, 0, 13, 5.5], "texture": "#1"}
			}
		},
		{
			"from": [8.4, 8.275, 7.65],
			"to": [11.75, 10.4, 10.5],
			"faces": {
				"north": {"uv": [5.5, 0, 13, 5.5], "texture": "#4"},
				"east": {"uv": [0, 0, 0, 0], "texture": "#4"},
				"south": {"uv": [5.5, 0, 13, 5.5], "texture": "#4"},
				"west": {"uv": [5.5, 0, 13, 5.5], "texture": "#4"},
				"up": {"uv": [0, 0, 0, 0], "texture": "#4"},
				"down": {"uv": [5.5, 0, 13, 5.5], "texture": "#4"}
			}
		},
		{
			"from": [8.2, 8.525, 7.3],
			"to": [12.05, 10.15, 10.8],
			"color": 4,
			"faces": {
				"north": {"uv": [5.5, 0, 13, 5.5], "texture": "#missing"},
				"west": {"uv": [5.5, 0, 13, 5.5], "texture": "#missing"},
				"down": {"uv": [5.5, 0, 13, 5.5], "texture": "#missing"}
			}
		},
		{
			"from": [4.4, 17, 7.25],
			"to": [11.85, 19, 11],
			"faces": {
				"north": {"uv": [8, 2.5, 12.5, 2.5], "texture": "#4"},
				"east": {"uv": [8, 0, 12, 5.5], "texture": "#4"},
				"south": {"uv": [10, 2, 10, 3], "texture": "#4"},
				"west": {"uv": [8.5, 0, 12.5, 5], "texture": "#4"},
				"up": {"uv": [8, 1.5, 13, 1.5], "texture": "#4"},
				"down": {"uv": [8, 0, 13, 5.5], "texture": "#4"}
			}
		}
	],
	"display": {
		"thirdperson_righthand": {
			"rotation": [34, 0, 0],
			"scale": [0.4, 0.4, 0.4]
		},
		"thirdperson_lefthand": {
			"scale": [0.4, 0.4, 0.4]
		},
		"firstperson_righthand": {
			"scale": [0.36, 0.36, 0.36]
		},
		"firstperson_lefthand": {
			"scale": [0.36, 0.36, 0.36]
		},
		"ground": {
			"translation": [0, 1, 0],
			"scale": [0.6, 0.6, 0.6]
		},
		"gui": {
			"rotation": [-180, -23, -180],
			"translation": [0, -3.25, 0],
			"scale": [0.5, 0.5, 0.5]
		},
		"head": {
			"translation": [0, 9.25, 0],
			"scale": [0.36, 0.36, 0.36]
		},
		"fixed": {
			"rotation": [0, 0, 17],
			"translation": [0.5, -3.75, -3]
		}
	}
}