{
	"credit": "minecraftrp.com.br",
	"textures": {
		"0": "custom/decoration/glass_custom",
		"1": "block/snow",
		"2": "block/spruce_log",
		"3": "block/spruce_leaves",
		"5": "block/spruce_planks",
		"6": "block/spruce_door_top",
		"7": "block/spruce_door_bottom",
		"8": "block/cobblestone",
		"9": "block/oak_planks",
		"particle": "block/glass"
	},
	"elements": [
		{
			"name": "floor",
			"from": [4.2, 4.2, 4.2],
			"to": [11.8, 6.25, 11.8],
			"faces": {
				"north": {"uv": [0, 0, 16, 4], "texture": "#1"},
				"east": {"uv": [0, 0, 16, 4], "texture": "#1"},
				"south": {"uv": [0, 0, 16, 4], "texture": "#1"},
				"west": {"uv": [0, 0, 16, 4], "texture": "#1"},
				"up": {"uv": [0, 0, 16, 16], "texture": "#1"}
			}
		},
		{
			"from": [9.7, 9.0625, 5.45],
			"to": [10.2, 9.4375, 5.95],
			"faces": {
				"north": {"uv": [12, 5, 15, 11], "rotation": 90, "texture": "#3"},
				"east": {"uv": [0, 5, 3, 11], "rotation": 90, "texture": "#3"},
				"south": {"uv": [4, 5, 7, 11], "rotation": 90, "texture": "#3"},
				"west": {"uv": [8, 5, 11, 11], "rotation": 90, "texture": "#3"},
				"up": {"uv": [5, 5, 11, 11], "texture": "#3"}
			}
		},
		{
			"from": [8.95, 7.25, 4.7],
			"to": [10.95, 7.75, 6.7],
			"faces": {
				"north": {"uv": [12, 0, 16, 16], "rotation": 90, "texture": "#3"},
				"east": {"uv": [8, 0, 12, 16], "rotation": 90, "texture": "#3"},
				"south": {"uv": [4, 0, 8, 16], "rotation": 90, "texture": "#3"},
				"west": {"uv": [0, 0, 4, 16], "rotation": 90, "texture": "#3"},
				"up": {"uv": [0, 0, 16, 16], "texture": "#3"},
				"down": {"uv": [0, 0, 16, 16], "texture": "#3"}
			}
		},
		{
			"from": [9.7, 6.25, 5.45],
			"to": [10.2, 9, 5.95],
			"faces": {
				"north": {"uv": [12, 0, 16, 16], "texture": "#2"},
				"east": {"uv": [8, 0, 12, 16], "texture": "#2"},
				"south": {"uv": [4, 0, 8, 16], "texture": "#2"},
				"west": {"uv": [0, 0, 4, 16], "texture": "#2"},
				"up": {"uv": [0, 0, 4, 4], "texture": "#2"}
			}
		},
		{
			"from": [9.2, 7.75, 4.95],
			"to": [10.7, 8.25, 6.45],
			"faces": {
				"north": {"uv": [12, 2, 16, 14], "rotation": 90, "texture": "#3"},
				"east": {"uv": [0, 2, 4, 14], "rotation": 90, "texture": "#3"},
				"south": {"uv": [3, 2, 7, 14], "rotation": 90, "texture": "#3"},
				"west": {"uv": [8, 2, 12, 14], "rotation": 90, "texture": "#3"},
				"up": {"uv": [2, 2, 14, 14], "texture": "#3"}
			}
		},
		{
			"from": [9.475, 8.6875, 5.2],
			"to": [10.475, 9.0625, 6.2],
			"faces": {
				"north": {"uv": [13, 4, 16, 12], "rotation": 90, "texture": "#3"},
				"east": {"uv": [0, 4, 3, 12], "rotation": 90, "texture": "#3"},
				"south": {"uv": [5, 4, 8, 12], "rotation": 90, "texture": "#3"},
				"west": {"uv": [9, 4, 12, 12], "rotation": 90, "texture": "#3"},
				"up": {"uv": [4, 4, 12, 12], "texture": "#3"},
				"down": {"uv": [4, 4, 12, 12], "texture": "#3"}
			}
		},
		{
			"from": [9.2, 6.5, 8.2],
			"to": [9.7, 8.5, 8.7],
			"faces": {
				"north": {"uv": [12, 0, 16, 16], "texture": "#2"},
				"east": {"uv": [8, 0, 12, 16], "texture": "#2"},
				"south": {"uv": [4, 0, 8, 16], "texture": "#2"},
				"west": {"uv": [0, 0, 4, 16], "texture": "#2"},
				"up": {"uv": [0, 0, 4, 4], "texture": "#2"}
			}
		},
		{
			"from": [6.45, 6.5, 8.2],
			"to": [6.95, 8.5, 8.7],
			"faces": {
				"north": {"uv": [12, 0, 16, 16], "texture": "#2"},
				"east": {"uv": [8, 0, 12, 16], "texture": "#2"},
				"south": {"uv": [4, 0, 8, 16], "texture": "#2"},
				"west": {"uv": [0, 0, 4, 16], "texture": "#2"},
				"up": {"uv": [0, 0, 4, 4], "texture": "#2"}
			}
		},
		{
			"from": [6.45, 6.5, 10.7],
			"to": [6.95, 8.5, 11.2],
			"faces": {
				"north": {"uv": [12, 0, 16, 16], "texture": "#2"},
				"east": {"uv": [8, 0, 12, 16], "texture": "#2"},
				"south": {"uv": [4, 0, 8, 16], "texture": "#2"},
				"west": {"uv": [0, 0, 4, 16], "texture": "#2"},
				"up": {"uv": [0, 0, 4, 4], "texture": "#2"}
			}
		},
		{
			"from": [9.2, 6.5, 10.7],
			"to": [9.7, 8.5, 11.2],
			"faces": {
				"north": {"uv": [12, 0, 16, 16], "texture": "#2"},
				"east": {"uv": [8, 0, 12, 16], "texture": "#2"},
				"south": {"uv": [4, 0, 8, 16], "texture": "#2"},
				"west": {"uv": [0, 0, 4, 16], "texture": "#2"},
				"up": {"uv": [0, 0, 4, 4], "texture": "#2"}
			}
		},
		{
			"from": [6.95, 8.1, 8.2],
			"to": [9.2, 8.6, 11.2],
			"faces": {
				"north": {"uv": [12, 0, 16, 16], "rotation": 90, "texture": "#2"},
				"south": {"uv": [4, 0, 8, 16], "rotation": 270, "texture": "#2"},
				"west": {"uv": [0, 0, 4, 4], "rotation": 270, "texture": "#2"},
				"up": {"uv": [8, 0, 12, 16], "rotation": 270, "texture": "#2"},
				"down": {"uv": [0, 0, 4, 16], "rotation": 270, "texture": "#2"}
			}
		},
		{
			"from": [6.45, 8.1, 8.7],
			"to": [9.7, 8.5, 10.7],
			"faces": {
				"north": {"uv": [0, 0, 4, 4], "rotation": 270, "texture": "#2"},
				"east": {"uv": [13, 0, 16, 16], "rotation": 90, "texture": "#2"},
				"west": {"uv": [4, 0, 8, 16], "rotation": 270, "texture": "#2"},
				"up": {"uv": [8, 0, 12, 16], "texture": "#2"},
				"down": {"uv": [0, 0, 4, 16], "rotation": 180, "texture": "#2"}
			}
		},
		{
			"from": [10.4, 6.55, 8.45],
			"to": [10.9, 8.57, 10.95],
			"rotation": {"angle": -45, "axis": "z", "origin": [10.6, 12.4, 8.4]},
			"faces": {
				"up": {"uv": [0, 0, 4, 4], "rotation": 180, "texture": "#5"},
				"down": {"uv": [0, 0, 16, 3], "rotation": 90, "texture": "#5"}
			}
		},
		{
			"from": [5.3, 6.55, 8.45],
			"to": [5.8, 9.066, 10.95],
			"rotation": {"angle": 45, "axis": "z", "origin": [5.6, 12.4, 9]},
			"faces": {
				"up": {"uv": [0, 0, 16, 3], "rotation": 90, "texture": "#5"},
				"down": {"uv": [0, 0, 16, 3], "rotation": 90, "texture": "#5"}
			}
		},
		{
			"from": [10.4, 6.5, 7.95],
			"to": [10.9, 8.67, 8.45],
			"rotation": {"angle": -45, "axis": "z", "origin": [10.6, 12.5, 7.9]},
			"faces": {
				"north": {"uv": [0, 3, 3, 16], "texture": "#8"},
				"east": {"uv": [3, 3, 6, 16], "texture": "#8"},
				"south": {"uv": [0, 3, 3, 16], "texture": "#8"},
				"west": {"uv": [3, 3, 6, 16], "texture": "#8"},
				"up": {"uv": [0, 0, 4, 4], "rotation": 180, "texture": "#8"},
				"down": {"uv": [0, 0, 3, 3], "rotation": 180, "texture": "#8"}
			}
		},
		{
			"from": [5.3, 6.5, 7.95],
			"to": [5.8, 9.166, 8.45],
			"rotation": {"angle": 45, "axis": "z", "origin": [5.6, 12.5, 8.5]},
			"faces": {
				"north": {"uv": [0, 0, 3, 16], "texture": "#8"},
				"east": {"uv": [3, 0, 6, 16], "texture": "#8"},
				"south": {"uv": [0, 0, 3, 16], "texture": "#8"},
				"west": {"uv": [3, 0, 6, 16], "texture": "#8"},
				"up": {"uv": [3, 0, 6, 3], "rotation": 90, "texture": "#8"},
				"down": {"uv": [0, 0, 3, 3], "rotation": 180, "texture": "#8"}
			}
		},
		{
			"from": [5.3, 6.5, 10.95],
			"to": [5.8, 9.166, 11.45],
			"rotation": {"angle": 45, "axis": "z", "origin": [5.6, 12.5, 11.5]},
			"faces": {
				"north": {"uv": [0, 0, 3, 16], "texture": "#8"},
				"east": {"uv": [3, 0, 6, 16], "texture": "#8"},
				"south": {"uv": [0, 0, 3, 16], "texture": "#8"},
				"west": {"uv": [3, 0, 6, 16], "texture": "#8"},
				"up": {"uv": [3, 0, 6, 3], "rotation": 90, "texture": "#8"},
				"down": {"uv": [0, 0, 3, 3], "rotation": 180, "texture": "#8"}
			}
		},
		{
			"from": [10.4, 6.5, 10.95],
			"to": [10.9, 8.67, 11.45],
			"rotation": {"angle": -45, "axis": "z", "origin": [10.6, 12.5, 10.9]},
			"faces": {
				"north": {"uv": [0, 3, 3, 16], "texture": "#8"},
				"east": {"uv": [3, 3, 6, 16], "texture": "#8"},
				"south": {"uv": [0, 3, 3, 16], "texture": "#8"},
				"west": {"uv": [3, 3, 6, 16], "texture": "#8"},
				"up": {"uv": [0, 0, 4, 4], "rotation": 180, "texture": "#8"},
				"down": {"uv": [0, 0, 3, 3], "rotation": 180, "texture": "#8"}
			}
		},
		{
			"from": [6.55, 6.5, 8.3],
			"to": [9.6, 8.5, 11.1],
			"faces": {
				"north": {"uv": [0, 0, 16, 16], "texture": "#9"},
				"east": {"uv": [0, 0, 16, 16], "texture": "#9"},
				"south": {"uv": [0, 0, 16, 16], "texture": "#9"},
				"west": {"uv": [0, 0, 16, 16], "texture": "#9"}
			}
		},
		{
			"from": [7.8, 7.25, 8.25],
			"to": [8.35, 7.75, 8.3],
			"faces": {
				"north": {"uv": [0, 0, 16, 16], "texture": "#6"},
				"east": {"uv": [0, 0, 1, 16], "texture": "#6"},
				"west": {"uv": [15, 0, 16, 16], "texture": "#6"},
				"up": {"uv": [0, 0, 16, 1], "texture": "#6"}
			}
		},
		{
			"from": [7.8, 6.75, 8.25],
			"to": [8.35, 7.25, 8.3],
			"faces": {
				"north": {"uv": [0, 0, 16, 16], "texture": "#7"},
				"east": {"uv": [0, 0, 1, 16], "texture": "#7"},
				"west": {"uv": [15, 0, 16, 16], "texture": "#7"}
			}
		},
		{
			"from": [6.95, 8.5, 8.3],
			"to": [9.2, 9.15, 11.1],
			"faces": {
				"north": {"uv": [0, 11, 16, 16], "texture": "#9"},
				"south": {"uv": [0, 11, 16, 16], "texture": "#9"}
			}
		},
		{
			"from": [7.65, 9.15, 8.3],
			"to": [8.6, 9.8, 11.1],
			"faces": {
				"north": {"uv": [0, 6, 16, 11], "texture": "#9"},
				"south": {"uv": [0, 6, 16, 11], "texture": "#9"}
			}
		},
		{
			"from": [5.45, 8.8125, 4.95],
			"to": [5.95, 9.1875, 5.45],
			"faces": {
				"north": {"uv": [12, 5, 15, 11], "rotation": 90, "texture": "#3"},
				"east": {"uv": [0, 5, 3, 11], "rotation": 90, "texture": "#3"},
				"south": {"uv": [4, 5, 7, 11], "rotation": 90, "texture": "#3"},
				"west": {"uv": [8, 5, 11, 11], "rotation": 90, "texture": "#3"},
				"up": {"uv": [5, 5, 11, 11], "texture": "#3"}
			}
		},
		{
			"from": [4.7, 7, 4.2],
			"to": [6.7, 7.5, 6.2],
			"faces": {
				"north": {"uv": [12, 0, 16, 16], "rotation": 90, "texture": "#3"},
				"east": {"uv": [8, 0, 12, 16], "rotation": 90, "texture": "#3"},
				"south": {"uv": [4, 0, 8, 16], "rotation": 90, "texture": "#3"},
				"west": {"uv": [0, 0, 4, 16], "rotation": 90, "texture": "#3"},
				"up": {"uv": [0, 0, 16, 16], "texture": "#3"},
				"down": {"uv": [0, 0, 16, 16], "texture": "#3"}
			}
		},
		{
			"from": [5.45, 6, 4.95],
			"to": [5.95, 8.75, 5.45],
			"faces": {
				"north": {"uv": [12, 0, 16, 16], "texture": "#2"},
				"east": {"uv": [8, 0, 12, 16], "texture": "#2"},
				"south": {"uv": [4, 0, 8, 16], "texture": "#2"},
				"west": {"uv": [0, 0, 4, 16], "texture": "#2"},
				"up": {"uv": [0, 0, 4, 4], "texture": "#2"}
			}
		},
		{
			"from": [4.95, 7.5, 4.45],
			"to": [6.45, 8, 5.95],
			"faces": {
				"north": {"uv": [12, 2, 16, 14], "rotation": 90, "texture": "#3"},
				"east": {"uv": [0, 2, 4, 14], "rotation": 90, "texture": "#3"},
				"south": {"uv": [3, 2, 7, 14], "rotation": 90, "texture": "#3"},
				"west": {"uv": [8, 2, 12, 14], "rotation": 90, "texture": "#3"},
				"up": {"uv": [2, 2, 14, 14], "texture": "#3"}
			}
		},
		{
			"from": [5.225, 8.4375, 4.7],
			"to": [6.225, 8.8125, 5.7],
			"faces": {
				"north": {"uv": [13, 4, 16, 12], "rotation": 90, "texture": "#3"},
				"east": {"uv": [0, 4, 3, 12], "rotation": 90, "texture": "#3"},
				"south": {"uv": [5, 4, 8, 12], "rotation": 90, "texture": "#3"},
				"west": {"uv": [9, 4, 12, 12], "rotation": 90, "texture": "#3"},
				"up": {"uv": [4, 4, 12, 12], "texture": "#3"},
				"down": {"uv": [4, 4, 12, 12], "texture": "#3"}
			}
		},
		{
			"from": [4.95, 9.3125, 8.2],
			"to": [5.45, 9.6875, 8.7],
			"faces": {
				"north": {"uv": [12, 5, 15, 11], "rotation": 90, "texture": "#3"},
				"east": {"uv": [0, 5, 3, 11], "rotation": 90, "texture": "#3"},
				"south": {"uv": [4, 5, 7, 11], "rotation": 90, "texture": "#3"},
				"west": {"uv": [8, 5, 11, 11], "rotation": 90, "texture": "#3"},
				"up": {"uv": [5, 5, 11, 11], "texture": "#3"}
			}
		},
		{
			"from": [4.2, 7.5, 7.45],
			"to": [6.2, 8, 9.45],
			"faces": {
				"north": {"uv": [12, 0, 16, 16], "rotation": 90, "texture": "#3"},
				"east": {"uv": [8, 0, 12, 16], "rotation": 90, "texture": "#3"},
				"south": {"uv": [4, 0, 8, 16], "rotation": 90, "texture": "#3"},
				"west": {"uv": [0, 0, 4, 16], "rotation": 90, "texture": "#3"},
				"up": {"uv": [0, 0, 16, 16], "texture": "#3"},
				"down": {"uv": [0, 0, 16, 16], "texture": "#3"}
			}
		},
		{
			"from": [4.95, 6.5, 8.2],
			"to": [5.45, 9.25, 8.7],
			"faces": {
				"north": {"uv": [12, 0, 16, 16], "texture": "#2"},
				"east": {"uv": [8, 0, 12, 16], "texture": "#2"},
				"south": {"uv": [4, 0, 8, 16], "texture": "#2"},
				"west": {"uv": [0, 0, 4, 16], "texture": "#2"},
				"up": {"uv": [0, 0, 4, 4], "texture": "#2"}
			}
		},
		{
			"from": [4.45, 8, 7.7],
			"to": [5.95, 8.5, 9.2],
			"faces": {
				"north": {"uv": [12, 2, 16, 14], "rotation": 90, "texture": "#3"},
				"east": {"uv": [0, 2, 4, 14], "rotation": 90, "texture": "#3"},
				"south": {"uv": [3, 2, 7, 14], "rotation": 90, "texture": "#3"},
				"west": {"uv": [8, 2, 12, 14], "rotation": 90, "texture": "#3"},
				"up": {"uv": [2, 2, 14, 14], "texture": "#3"}
			}
		},
		{
			"from": [4.725, 8.9375, 7.95],
			"to": [5.725, 9.3125, 8.95],
			"faces": {
				"north": {"uv": [13, 4, 16, 12], "rotation": 90, "texture": "#3"},
				"east": {"uv": [0, 4, 3, 12], "rotation": 90, "texture": "#3"},
				"south": {"uv": [5, 4, 8, 12], "rotation": 90, "texture": "#3"},
				"west": {"uv": [9, 4, 12, 12], "rotation": 90, "texture": "#3"},
				"up": {"uv": [4, 4, 12, 12], "texture": "#3"},
				"down": {"uv": [4, 4, 12, 12], "texture": "#3"}
			}
		},
		{
			"name": "floor",
			"from": [4.3, 4.45, 7.2],
			"to": [9.8, 6.75, 11.8],
			"faces": {
				"north": {"uv": [0, 0, 16, 4], "texture": "#1"},
				"east": {"uv": [0, 0, 16, 4], "texture": "#1"},
				"south": {"uv": [0, 0, 16, 4], "texture": "#1"},
				"west": {"uv": [0, 0, 16, 4], "texture": "#1"},
				"up": {"uv": [0, 0, 16, 16], "texture": "#1"}
			}
		},
		{
			"from": [10.45, 8.8125, 7.7],
			"to": [10.95, 9.1875, 8.2],
			"faces": {
				"north": {"uv": [12, 5, 15, 11], "rotation": 90, "texture": "#3"},
				"east": {"uv": [0, 5, 3, 11], "rotation": 90, "texture": "#3"},
				"south": {"uv": [4, 5, 7, 11], "rotation": 90, "texture": "#3"},
				"west": {"uv": [8, 5, 11, 11], "rotation": 90, "texture": "#3"},
				"up": {"uv": [5, 5, 11, 11], "texture": "#3"}
			}
		},
		{
			"from": [9.7, 7, 6.95],
			"to": [11.7, 7.5, 8.95],
			"faces": {
				"north": {"uv": [12, 0, 16, 16], "rotation": 90, "texture": "#3"},
				"east": {"uv": [8, 0, 12, 16], "rotation": 90, "texture": "#3"},
				"south": {"uv": [4, 0, 8, 16], "rotation": 90, "texture": "#3"},
				"west": {"uv": [0, 0, 4, 16], "rotation": 90, "texture": "#3"},
				"up": {"uv": [0, 0, 16, 16], "texture": "#3"},
				"down": {"uv": [0, 0, 16, 16], "texture": "#3"}
			}
		},
		{
			"from": [10.45, 6, 7.7],
			"to": [10.95, 8.75, 8.2],
			"faces": {
				"north": {"uv": [12, 0, 16, 16], "texture": "#2"},
				"east": {"uv": [8, 0, 12, 16], "texture": "#2"},
				"south": {"uv": [4, 0, 8, 16], "texture": "#2"},
				"west": {"uv": [0, 0, 4, 16], "texture": "#2"},
				"up": {"uv": [0, 0, 4, 4], "texture": "#2"}
			}
		},
		{
			"from": [9.95, 7.5, 7.2],
			"to": [11.45, 8, 8.7],
			"faces": {
				"north": {"uv": [12, 2, 16, 14], "rotation": 90, "texture": "#3"},
				"east": {"uv": [0, 2, 4, 14], "rotation": 90, "texture": "#3"},
				"south": {"uv": [3, 2, 7, 14], "rotation": 90, "texture": "#3"},
				"west": {"uv": [8, 2, 12, 14], "rotation": 90, "texture": "#3"},
				"up": {"uv": [2, 2, 14, 14], "texture": "#3"}
			}
		},
		{
			"from": [10.225, 8.4375, 7.45],
			"to": [11.225, 8.8125, 8.45],
			"faces": {
				"north": {"uv": [13, 4, 16, 12], "rotation": 90, "texture": "#3"},
				"east": {"uv": [0, 4, 3, 12], "rotation": 90, "texture": "#3"},
				"south": {"uv": [5, 4, 8, 12], "rotation": 90, "texture": "#3"},
				"west": {"uv": [9, 4, 12, 12], "rotation": 90, "texture": "#3"},
				"up": {"uv": [4, 4, 12, 12], "texture": "#3"},
				"down": {"uv": [4, 4, 12, 12], "texture": "#3"}
			}
		},
		{
			"from": [10.3, 6.45, 8.45],
			"to": [10.4, 9.17, 10.95],
			"rotation": {"angle": -45, "axis": "z", "origin": [10.6, 12.4, 8.4]},
			"faces": {
				"north": {"uv": [0, 0, 0, 0], "texture": "#1"},
				"east": {"uv": [0, 0, 0, 0], "texture": "#1"},
				"south": {"uv": [0, 0, 0, 0], "texture": "#1"},
				"west": {"uv": [0, 3, 16, 16], "texture": "#1"},
				"up": {"uv": [0, 0, 4, 4], "rotation": 180, "texture": "#1"},
				"down": {"uv": [0, 0, 16, 3], "rotation": 90, "texture": "#1"}
			}
		},
		{
			"from": [5.8, 6.55, 8.45],
			"to": [5.9, 9.066, 10.95],
			"rotation": {"angle": 45, "axis": "z", "origin": [5.6, 12.4, 9]},
			"faces": {
				"north": {"uv": [0, 0, 0, 0], "texture": "#1"},
				"east": {"uv": [0, 3, 16, 16], "texture": "#1"},
				"south": {"uv": [0, 0, 0, 0], "texture": "#1"},
				"west": {"uv": [0, 0, 0, 0], "texture": "#1"},
				"up": {"uv": [0, 0, 16, 3], "rotation": 90, "texture": "#1"},
				"down": {"uv": [0, 0, 16, 3], "rotation": 90, "texture": "#1"}
			}
		},
		{
			"from": [10.3, 6.45, 7.85],
			"to": [10.4, 9.27, 8.45],
			"rotation": {"angle": -45, "axis": "z", "origin": [10.6, 12.5, 7.8]},
			"faces": {
				"north": {"uv": [0, 0, 0, 0], "texture": "#1"},
				"east": {"uv": [0, 0, 0, 0], "texture": "#1"},
				"south": {"uv": [0, 0, 0, 0], "texture": "#1"},
				"west": {"uv": [0, 3, 16, 16], "texture": "#1"},
				"up": {"uv": [0, 0, 4, 4], "rotation": 180, "texture": "#1"},
				"down": {"uv": [0, 0, 16, 3], "rotation": 90, "texture": "#1"}
			}
		},
		{
			"from": [5.8, 6.45, 7.85],
			"to": [5.9, 9.166, 8.45],
			"rotation": {"angle": 45, "axis": "z", "origin": [5.6, 12.5, 8.4]},
			"faces": {
				"north": {"uv": [0, 0, 0, 0], "texture": "#1"},
				"east": {"uv": [0, 3, 16, 16], "texture": "#1"},
				"south": {"uv": [0, 0, 0, 0], "texture": "#1"},
				"west": {"uv": [0, 0, 0, 0], "texture": "#1"},
				"up": {"uv": [0, 0, 16, 3], "rotation": 90, "texture": "#1"},
				"down": {"uv": [0, 0, 16, 3], "rotation": 90, "texture": "#1"}
			}
		},
		{
			"from": [5.8, 6.45, 10.85],
			"to": [5.9, 9.166, 11.45],
			"rotation": {"angle": 45, "axis": "z", "origin": [5.6, 12.5, 11.4]},
			"faces": {
				"north": {"uv": [0, 0, 0, 0], "texture": "#1"},
				"east": {"uv": [0, 3, 16, 16], "texture": "#1"},
				"south": {"uv": [0, 0, 0, 0], "texture": "#1"},
				"west": {"uv": [0, 0, 0, 0], "texture": "#1"},
				"up": {"uv": [0, 0, 16, 3], "rotation": 90, "texture": "#1"},
				"down": {"uv": [0, 0, 16, 3], "rotation": 90, "texture": "#1"}
			}
		},
		{
			"from": [10.3, 6.45, 10.85],
			"to": [10.4, 9.27, 11.45],
			"rotation": {"angle": -45, "axis": "z", "origin": [10.6, 12.5, 10.8]},
			"faces": {
				"north": {"uv": [0, 0, 0, 0], "texture": "#1"},
				"east": {"uv": [0, 0, 0, 0], "texture": "#1"},
				"south": {"uv": [0, 0, 0, 0], "texture": "#1"},
				"west": {"uv": [0, 3, 16, 16], "texture": "#1"},
				"up": {"uv": [0, 0, 4, 4], "rotation": 180, "texture": "#1"},
				"down": {"uv": [0, 0, 16, 3], "rotation": 90, "texture": "#1"}
			}
		},
		{
			"from": [6.9, 8.5, 8.95],
			"to": [7.4, 10.67, 9.45],
			"rotation": {"angle": 0, "axis": "z", "origin": [10.6, 12.5, 7.9]},
			"faces": {
				"north": {"uv": [0, 3, 3, 16], "texture": "#8"},
				"east": {"uv": [3, 3, 6, 16], "texture": "#8"},
				"south": {"uv": [0, 3, 3, 16], "texture": "#8"},
				"west": {"uv": [3, 3, 6, 16], "texture": "#8"},
				"up": {"uv": [0, 0, 4, 4], "rotation": 180, "texture": "#8"},
				"down": {"uv": [0, 0, 3, 3], "rotation": 180, "texture": "#8"}
			}
		},
		{
			"from": [6.8, 10.67, 8.85],
			"to": [7.5, 10.77, 9.55],
			"rotation": {"angle": 0, "axis": "z", "origin": [10.6, 12.5, 7.9]},
			"faces": {
				"north": {"uv": [0, 0, 0.5, 0.1], "texture": "#1"},
				"east": {"uv": [0, 0, 0.5, 0.1], "texture": "#1"},
				"south": {"uv": [0, 0, 0.5, 0.1], "texture": "#1"},
				"west": {"uv": [0, 0, 0.5, 0.1], "texture": "#1"},
				"up": {"uv": [0, 0, 4, 4], "rotation": 180, "texture": "#1"}
			}
		},
		{
			"name": "snowflake",
			"from": [9.55, 12.45, 6.2],
			"to": [9.65, 12.55, 6.3],
			"rotation": {"angle": 45, "axis": "z", "origin": [11, 8, 8]},
			"faces": {
				"north": {"uv": [0, 0, 16, 4], "texture": "#1"},
				"east": {"uv": [0, 0, 16, 4], "texture": "#1"},
				"south": {"uv": [0, 0, 16, 4], "texture": "#1"},
				"west": {"uv": [0, 0, 16, 4], "texture": "#1"},
				"up": {"uv": [0, 0, 16, 16], "texture": "#1"}
			}
		},
		{
			"name": "snowflake",
			"from": [8.3, 11.95, 8.7],
			"to": [8.4, 12.05, 8.8],
			"rotation": {"angle": 45, "axis": "z", "origin": [11, 8, 8]},
			"faces": {
				"north": {"uv": [0, 0, 16, 4], "texture": "#1"},
				"east": {"uv": [0, 0, 16, 4], "texture": "#1"},
				"south": {"uv": [0, 0, 16, 4], "texture": "#1"},
				"west": {"uv": [0, 0, 16, 4], "texture": "#1"},
				"up": {"uv": [0, 0, 16, 16], "texture": "#1"}
			}
		},
		{
			"name": "snowflake",
			"from": [9.55, 12.95, 9.2],
			"to": [9.65, 13.05, 9.3],
			"rotation": {"angle": 45, "axis": "z", "origin": [11, 8, 8]},
			"faces": {
				"north": {"uv": [0, 0, 16, 4], "texture": "#1"},
				"east": {"uv": [0, 0, 16, 4], "texture": "#1"},
				"south": {"uv": [0, 0, 16, 4], "texture": "#1"},
				"west": {"uv": [0, 0, 16, 4], "texture": "#1"},
				"up": {"uv": [0, 0, 16, 16], "texture": "#1"}
			}
		},
		{
			"name": "snowflake",
			"from": [7.55, 11.95, 6.7],
			"to": [7.65, 12.05, 6.8],
			"rotation": {"angle": 45, "axis": "z", "origin": [11, 8, 8]},
			"faces": {
				"north": {"uv": [0, 0, 16, 4], "texture": "#1"},
				"east": {"uv": [0, 0, 16, 4], "texture": "#1"},
				"south": {"uv": [0, 0, 16, 4], "texture": "#1"},
				"west": {"uv": [0, 0, 16, 4], "texture": "#1"},
				"up": {"uv": [0, 0, 16, 16], "texture": "#1"}
			}
		},
		{
			"name": "snowflake",
			"from": [10.55, 12.2, 4.2],
			"to": [10.65, 12.3, 4.3],
			"rotation": {"angle": 45, "axis": "z", "origin": [8, 8, 8]},
			"faces": {
				"north": {"uv": [0, 0, 16, 4], "texture": "#1"},
				"east": {"uv": [0, 0, 16, 4], "texture": "#1"},
				"south": {"uv": [0, 0, 16, 4], "texture": "#1"},
				"west": {"uv": [0, 0, 16, 4], "texture": "#1"},
				"up": {"uv": [0, 0, 16, 16], "texture": "#1"}
			}
		},
		{
			"name": "snowflake",
			"from": [8.55, 11.7, 4.7],
			"to": [8.65, 11.8, 4.8],
			"rotation": {"angle": 45, "axis": "z", "origin": [8, 8, 8]},
			"faces": {
				"north": {"uv": [0, 0, 16, 4], "texture": "#1"},
				"east": {"uv": [0, 0, 16, 4], "texture": "#1"},
				"south": {"uv": [0, 0, 16, 4], "texture": "#1"},
				"west": {"uv": [0, 0, 16, 4], "texture": "#1"},
				"up": {"uv": [0, 0, 16, 16], "texture": "#1"}
			}
		},
		{
			"name": "snowflake",
			"from": [9.3, 11.7, 6.7],
			"to": [9.4, 11.8, 6.8],
			"rotation": {"angle": 45, "axis": "z", "origin": [8, 8, 8]},
			"faces": {
				"north": {"uv": [0, 0, 16, 4], "texture": "#1"},
				"east": {"uv": [0, 0, 16, 4], "texture": "#1"},
				"south": {"uv": [0, 0, 16, 4], "texture": "#1"},
				"west": {"uv": [0, 0, 16, 4], "texture": "#1"},
				"up": {"uv": [0, 0, 16, 16], "texture": "#1"}
			}
		},
		{
			"name": "snowflake",
			"from": [10.55, 12.7, 7.2],
			"to": [10.65, 12.8, 7.3],
			"rotation": {"angle": 45, "axis": "z", "origin": [8, 8, 8]},
			"faces": {
				"north": {"uv": [0, 0, 16, 4], "texture": "#1"},
				"east": {"uv": [0, 0, 16, 4], "texture": "#1"},
				"south": {"uv": [0, 0, 16, 4], "texture": "#1"},
				"west": {"uv": [0, 0, 16, 4], "texture": "#1"},
				"up": {"uv": [0, 0, 16, 16], "texture": "#1"}
			}
		},
		{
			"name": "snowflake",
			"from": [13.55, 12.45, 6.2],
			"to": [13.65, 12.55, 6.3],
			"rotation": {"angle": 45, "axis": "z", "origin": [15, 8, 8]},
			"faces": {
				"north": {"uv": [0, 0, 16, 4], "texture": "#1"},
				"east": {"uv": [0, 0, 16, 4], "texture": "#1"},
				"south": {"uv": [0, 0, 16, 4], "texture": "#1"},
				"west": {"uv": [0, 0, 16, 4], "texture": "#1"},
				"up": {"uv": [0, 0, 16, 16], "texture": "#1"}
			}
		},
		{
			"name": "snowflake",
			"from": [9.7, 12.45, 11.55],
			"to": [9.8, 12.55, 11.65],
			"rotation": {"angle": -45, "axis": "x", "origin": [8, 8, 13]},
			"faces": {
				"north": {"uv": [0, 0, 16, 4], "texture": "#1"},
				"east": {"uv": [0, 0, 16, 4], "texture": "#1"},
				"south": {"uv": [0, 0, 16, 4], "texture": "#1"},
				"west": {"uv": [0, 0, 16, 4], "texture": "#1"},
				"up": {"uv": [0, 0, 16, 16], "rotation": 90, "texture": "#1"}
			}
		},
		{
			"name": "snowflake",
			"from": [7.2, 11.95, 10.3],
			"to": [7.3, 12.05, 10.4],
			"rotation": {"angle": -45, "axis": "x", "origin": [8, 8, 13]},
			"faces": {
				"north": {"uv": [0, 0, 16, 4], "texture": "#1"},
				"east": {"uv": [0, 0, 16, 4], "texture": "#1"},
				"south": {"uv": [0, 0, 16, 4], "texture": "#1"},
				"west": {"uv": [0, 0, 16, 4], "texture": "#1"},
				"up": {"uv": [0, 0, 16, 16], "rotation": 90, "texture": "#1"}
			}
		},
		{
			"name": "snowflake",
			"from": [6.7, 12.95, 11.55],
			"to": [6.8, 13.05, 11.65],
			"rotation": {"angle": -45, "axis": "x", "origin": [8, 8, 13]},
			"faces": {
				"north": {"uv": [0, 0, 16, 4], "texture": "#1"},
				"east": {"uv": [0, 0, 16, 4], "texture": "#1"},
				"south": {"uv": [0, 0, 16, 4], "texture": "#1"},
				"west": {"uv": [0, 0, 16, 4], "texture": "#1"},
				"up": {"uv": [0, 0, 16, 16], "rotation": 90, "texture": "#1"}
			}
		},
		{
			"name": "snowflake",
			"from": [9.2, 11.95, 9.55],
			"to": [9.3, 12.05, 9.65],
			"rotation": {"angle": -45, "axis": "x", "origin": [8, 8, 13]},
			"faces": {
				"north": {"uv": [0, 0, 16, 4], "texture": "#1"},
				"east": {"uv": [0, 0, 16, 4], "texture": "#1"},
				"south": {"uv": [0, 0, 16, 4], "texture": "#1"},
				"west": {"uv": [0, 0, 16, 4], "texture": "#1"},
				"up": {"uv": [0, 0, 16, 16], "rotation": 90, "texture": "#1"}
			}
		},
		{
			"name": "snowflake",
			"from": [9.7, 11.2, 12.55],
			"to": [9.8, 11.3, 12.65],
			"rotation": {"angle": -45, "axis": "x", "origin": [6, 7, 10]},
			"faces": {
				"north": {"uv": [0, 0, 16, 4], "texture": "#1"},
				"east": {"uv": [0, 0, 16, 4], "texture": "#1"},
				"south": {"uv": [0, 0, 16, 4], "texture": "#1"},
				"west": {"uv": [0, 0, 16, 4], "texture": "#1"},
				"up": {"uv": [0, 0, 16, 16], "rotation": 90, "texture": "#1"}
			}
		},
		{
			"name": "snowflake",
			"from": [11.2, 11.7, 10.55],
			"to": [11.3, 11.8, 10.65],
			"rotation": {"angle": -45, "axis": "x", "origin": [8, 8, 10]},
			"faces": {
				"north": {"uv": [0, 0, 16, 4], "texture": "#1"},
				"east": {"uv": [0, 0, 16, 4], "texture": "#1"},
				"south": {"uv": [0, 0, 16, 4], "texture": "#1"},
				"west": {"uv": [0, 0, 16, 4], "texture": "#1"},
				"up": {"uv": [0, 0, 16, 16], "rotation": 90, "texture": "#1"}
			}
		},
		{
			"name": "snowflake",
			"from": [9.2, 11.7, 11.3],
			"to": [9.3, 11.8, 11.4],
			"rotation": {"angle": -45, "axis": "x", "origin": [8, 8, 10]},
			"faces": {
				"north": {"uv": [0, 0, 16, 4], "texture": "#1"},
				"east": {"uv": [0, 0, 16, 4], "texture": "#1"},
				"south": {"uv": [0, 0, 16, 4], "texture": "#1"},
				"west": {"uv": [0, 0, 16, 4], "texture": "#1"},
				"up": {"uv": [0, 0, 16, 16], "rotation": 90, "texture": "#1"}
			}
		},
		{
			"name": "snowflake",
			"from": [8.7, 12.7, 12.55],
			"to": [8.8, 12.8, 12.65],
			"rotation": {"angle": -45, "axis": "x", "origin": [8, 8, 10]},
			"faces": {
				"north": {"uv": [0, 0, 16, 4], "texture": "#1"},
				"east": {"uv": [0, 0, 16, 4], "texture": "#1"},
				"south": {"uv": [0, 0, 16, 4], "texture": "#1"},
				"west": {"uv": [0, 0, 16, 4], "texture": "#1"},
				"up": {"uv": [0, 0, 16, 16], "rotation": 90, "texture": "#1"}
			}
		},
		{
			"name": "snowflake",
			"from": [9.7, 12.45, 7.55],
			"to": [9.8, 12.55, 7.65],
			"rotation": {"angle": -45, "axis": "x", "origin": [8, 8, 9]},
			"faces": {
				"north": {"uv": [0, 0, 16, 4], "texture": "#1"},
				"east": {"uv": [0, 0, 16, 4], "texture": "#1"},
				"south": {"uv": [0, 0, 16, 4], "texture": "#1"},
				"west": {"uv": [0, 0, 16, 4], "texture": "#1"},
				"up": {"uv": [0, 0, 16, 16], "rotation": 90, "texture": "#1"}
			}
		},
		{
			"name": "snowflake",
			"from": [7.2, 12.45, 7.35],
			"to": [7.3, 12.55, 7.45],
			"rotation": {"angle": 45, "axis": "x", "origin": [9, 8, 6]},
			"faces": {
				"north": {"uv": [0, 0, 16, 4], "texture": "#1"},
				"east": {"uv": [0, 0, 16, 4], "texture": "#1"},
				"south": {"uv": [0, 0, 16, 4], "texture": "#1"},
				"west": {"uv": [0, 0, 16, 4], "texture": "#1"},
				"up": {"uv": [0, 0, 16, 16], "rotation": 270, "texture": "#1"}
			}
		},
		{
			"name": "snowflake",
			"from": [9.7, 11.95, 8.6],
			"to": [9.8, 12.05, 8.7],
			"rotation": {"angle": 45, "axis": "x", "origin": [9, 8, 6]},
			"faces": {
				"north": {"uv": [0, 0, 16, 4], "texture": "#1"},
				"east": {"uv": [0, 0, 16, 4], "texture": "#1"},
				"south": {"uv": [0, 0, 16, 4], "texture": "#1"},
				"west": {"uv": [0, 0, 16, 4], "texture": "#1"},
				"up": {"uv": [0, 0, 16, 16], "rotation": 270, "texture": "#1"}
			}
		},
		{
			"name": "snowflake",
			"from": [10.2, 12.95, 7.35],
			"to": [10.3, 13.05, 7.45],
			"rotation": {"angle": 45, "axis": "x", "origin": [9, 8, 6]},
			"faces": {
				"north": {"uv": [0, 0, 16, 4], "texture": "#1"},
				"east": {"uv": [0, 0, 16, 4], "texture": "#1"},
				"south": {"uv": [0, 0, 16, 4], "texture": "#1"},
				"west": {"uv": [0, 0, 16, 4], "texture": "#1"},
				"up": {"uv": [0, 0, 16, 16], "rotation": 270, "texture": "#1"}
			}
		},
		{
			"name": "snowflake",
			"from": [7.7, 11.95, 9.35],
			"to": [7.8, 12.05, 9.45],
			"rotation": {"angle": 45, "axis": "x", "origin": [9, 8, 6]},
			"faces": {
				"north": {"uv": [0, 0, 16, 4], "texture": "#1"},
				"east": {"uv": [0, 0, 16, 4], "texture": "#1"},
				"south": {"uv": [0, 0, 16, 4], "texture": "#1"},
				"west": {"uv": [0, 0, 16, 4], "texture": "#1"},
				"up": {"uv": [0, 0, 16, 16], "rotation": 270, "texture": "#1"}
			}
		},
		{
			"name": "snowflake",
			"from": [5.2, 12.2, 6.35],
			"to": [5.3, 12.3, 6.45],
			"rotation": {"angle": 45, "axis": "x", "origin": [9, 8, 9]},
			"faces": {
				"north": {"uv": [0, 0, 16, 4], "texture": "#1"},
				"east": {"uv": [0, 0, 16, 4], "texture": "#1"},
				"south": {"uv": [0, 0, 16, 4], "texture": "#1"},
				"west": {"uv": [0, 0, 16, 4], "texture": "#1"},
				"up": {"uv": [0, 0, 16, 16], "rotation": 270, "texture": "#1"}
			}
		},
		{
			"name": "snowflake",
			"from": [5.7, 11.7, 8.35],
			"to": [5.8, 11.8, 8.45],
			"rotation": {"angle": 45, "axis": "x", "origin": [9, 8, 9]},
			"faces": {
				"north": {"uv": [0, 0, 16, 4], "texture": "#1"},
				"east": {"uv": [0, 0, 16, 4], "texture": "#1"},
				"south": {"uv": [0, 0, 16, 4], "texture": "#1"},
				"west": {"uv": [0, 0, 16, 4], "texture": "#1"},
				"up": {"uv": [0, 0, 16, 16], "rotation": 270, "texture": "#1"}
			}
		},
		{
			"name": "snowflake",
			"from": [7.7, 11.7, 7.6],
			"to": [7.8, 11.8, 7.7],
			"rotation": {"angle": 45, "axis": "x", "origin": [9, 8, 9]},
			"faces": {
				"north": {"uv": [0, 0, 16, 4], "texture": "#1"},
				"east": {"uv": [0, 0, 16, 4], "texture": "#1"},
				"south": {"uv": [0, 0, 16, 4], "texture": "#1"},
				"west": {"uv": [0, 0, 16, 4], "texture": "#1"},
				"up": {"uv": [0, 0, 16, 16], "rotation": 270, "texture": "#1"}
			}
		},
		{
			"name": "snowflake",
			"from": [8.2, 12.7, 6.35],
			"to": [8.3, 12.8, 6.45],
			"rotation": {"angle": 45, "axis": "x", "origin": [9, 8, 9]},
			"faces": {
				"north": {"uv": [0, 0, 16, 4], "texture": "#1"},
				"east": {"uv": [0, 0, 16, 4], "texture": "#1"},
				"south": {"uv": [0, 0, 16, 4], "texture": "#1"},
				"west": {"uv": [0, 0, 16, 4], "texture": "#1"},
				"up": {"uv": [0, 0, 16, 16], "rotation": 270, "texture": "#1"}
			}
		},
		{
			"from": [8.95, 7.75, 4.7],
			"to": [10.95, 7.85, 6.7],
			"faces": {
				"north": {"uv": [12, 0, 16, 16], "rotation": 90, "texture": "#1"},
				"east": {"uv": [8, 0, 12, 16], "rotation": 90, "texture": "#1"},
				"south": {"uv": [4, 0, 8, 16], "rotation": 90, "texture": "#1"},
				"west": {"uv": [0, 0, 4, 16], "rotation": 90, "texture": "#1"},
				"up": {"uv": [0, 0, 16, 16], "texture": "#1"},
				"down": {"uv": [0, 0, 16, 16], "texture": "#1"}
			}
		},
		{
			"from": [4.7, 7.5, 4.2],
			"to": [6.7, 7.6, 6.2],
			"faces": {
				"north": {"uv": [12, 0, 16, 16], "rotation": 90, "texture": "#1"},
				"east": {"uv": [8, 0, 12, 16], "rotation": 90, "texture": "#1"},
				"south": {"uv": [4, 0, 8, 16], "rotation": 90, "texture": "#1"},
				"west": {"uv": [0, 0, 4, 16], "rotation": 90, "texture": "#1"},
				"up": {"uv": [0, 0, 16, 16], "texture": "#1"},
				"down": {"uv": [0, 0, 16, 16], "texture": "#1"}
			}
		},
		{
			"from": [4.95, 8, 4.45],
			"to": [6.45, 8.1, 5.95],
			"faces": {
				"north": {"uv": [12, 2, 16, 14], "rotation": 90, "texture": "#1"},
				"east": {"uv": [0, 2, 4, 14], "rotation": 90, "texture": "#1"},
				"south": {"uv": [3, 2, 7, 14], "rotation": 90, "texture": "#1"},
				"west": {"uv": [8, 2, 12, 14], "rotation": 90, "texture": "#1"},
				"up": {"uv": [2, 2, 14, 14], "texture": "#1"},
				"down": {"uv": [0, 0, 0, 0], "texture": "#1"}
			}
		},
		{
			"from": [9.2, 8.25, 4.95],
			"to": [10.7, 8.35, 6.45],
			"faces": {
				"north": {"uv": [12, 2, 16, 14], "rotation": 90, "texture": "#1"},
				"east": {"uv": [0, 2, 4, 14], "rotation": 90, "texture": "#1"},
				"south": {"uv": [3, 2, 7, 14], "rotation": 90, "texture": "#1"},
				"west": {"uv": [8, 2, 12, 14], "rotation": 90, "texture": "#1"},
				"up": {"uv": [2, 2, 14, 14], "texture": "#1"},
				"down": {"uv": [0, 0, 0, 0], "texture": "#1"}
			}
		},
		{
			"from": [9.475, 9.0625, 5.2],
			"to": [10.475, 9.1625, 6.2],
			"faces": {
				"north": {"uv": [13, 4, 16, 12], "rotation": 90, "texture": "#1"},
				"east": {"uv": [0, 4, 3, 12], "rotation": 90, "texture": "#1"},
				"south": {"uv": [5, 4, 8, 12], "rotation": 90, "texture": "#1"},
				"west": {"uv": [9, 4, 12, 12], "rotation": 90, "texture": "#1"},
				"up": {"uv": [4, 4, 12, 12], "texture": "#1"},
				"down": {"uv": [4, 4, 12, 12], "texture": "#1"}
			}
		},
		{
			"from": [9.7, 9.4375, 5.45],
			"to": [10.2, 9.5375, 5.95],
			"faces": {
				"north": {"uv": [12, 5, 15, 11], "rotation": 90, "texture": "#1"},
				"east": {"uv": [0, 5, 3, 11], "rotation": 90, "texture": "#1"},
				"south": {"uv": [4, 5, 7, 11], "rotation": 90, "texture": "#1"},
				"west": {"uv": [8, 5, 11, 11], "rotation": 90, "texture": "#1"},
				"up": {"uv": [5, 5, 11, 11], "texture": "#1"},
				"down": {"uv": [0, 0, 0, 0], "texture": "#1"}
			}
		},
		{
			"from": [5.225, 8.8125, 4.7],
			"to": [6.225, 8.9125, 5.7],
			"faces": {
				"north": {"uv": [13, 4, 16, 12], "rotation": 90, "texture": "#1"},
				"east": {"uv": [0, 4, 3, 12], "rotation": 90, "texture": "#1"},
				"south": {"uv": [5, 4, 8, 12], "rotation": 90, "texture": "#1"},
				"west": {"uv": [9, 4, 12, 12], "rotation": 90, "texture": "#1"},
				"up": {"uv": [4, 4, 12, 12], "texture": "#1"},
				"down": {"uv": [4, 4, 12, 12], "texture": "#1"}
			}
		},
		{
			"from": [5.45, 9.1875, 4.95],
			"to": [5.95, 9.2875, 5.45],
			"faces": {
				"north": {"uv": [12, 5, 15, 11], "rotation": 90, "texture": "#1"},
				"east": {"uv": [0, 5, 3, 11], "rotation": 90, "texture": "#1"},
				"south": {"uv": [4, 5, 7, 11], "rotation": 90, "texture": "#1"},
				"west": {"uv": [8, 5, 11, 11], "rotation": 90, "texture": "#1"},
				"up": {"uv": [5, 5, 11, 11], "texture": "#1"},
				"down": {"uv": [0, 0, 0, 0], "texture": "#1"}
			}
		},
		{
			"from": [4.725, 9.3125, 7.95],
			"to": [5.725, 9.4125, 8.95],
			"faces": {
				"north": {"uv": [13, 4, 16, 12], "rotation": 90, "texture": "#1"},
				"east": {"uv": [0, 4, 3, 12], "rotation": 90, "texture": "#1"},
				"south": {"uv": [5, 4, 8, 12], "rotation": 90, "texture": "#1"},
				"west": {"uv": [9, 4, 12, 12], "rotation": 90, "texture": "#1"},
				"up": {"uv": [4, 4, 12, 12], "texture": "#1"},
				"down": {"uv": [4, 4, 12, 12], "texture": "#1"}
			}
		},
		{
			"from": [4.95, 9.6875, 8.2],
			"to": [5.45, 9.7875, 8.7],
			"faces": {
				"north": {"uv": [12, 5, 15, 11], "rotation": 90, "texture": "#1"},
				"east": {"uv": [0, 5, 3, 11], "rotation": 90, "texture": "#1"},
				"south": {"uv": [4, 5, 7, 11], "rotation": 90, "texture": "#1"},
				"west": {"uv": [8, 5, 11, 11], "rotation": 90, "texture": "#1"},
				"up": {"uv": [5, 5, 11, 11], "texture": "#1"},
				"down": {"uv": [0, 0, 0, 0], "texture": "#1"}
			}
		},
		{
			"from": [4.2, 8, 7.45],
			"to": [6.2, 8.1, 9.45],
			"faces": {
				"north": {"uv": [12, 0, 16, 16], "rotation": 90, "texture": "#1"},
				"east": {"uv": [8, 0, 12, 16], "rotation": 90, "texture": "#1"},
				"south": {"uv": [4, 0, 8, 16], "rotation": 90, "texture": "#1"},
				"west": {"uv": [0, 0, 4, 16], "rotation": 90, "texture": "#1"},
				"up": {"uv": [0, 0, 16, 16], "texture": "#1"},
				"down": {"uv": [0, 0, 16, 16], "texture": "#1"}
			}
		},
		{
			"from": [4.45, 8.5, 7.7],
			"to": [5.95, 8.6, 9.2],
			"faces": {
				"north": {"uv": [12, 2, 16, 14], "rotation": 90, "texture": "#1"},
				"east": {"uv": [0, 2, 4, 14], "rotation": 90, "texture": "#1"},
				"south": {"uv": [3, 2, 7, 14], "rotation": 90, "texture": "#1"},
				"west": {"uv": [8, 2, 12, 14], "rotation": 90, "texture": "#1"},
				"up": {"uv": [2, 2, 14, 14], "texture": "#1"},
				"down": {"uv": [0, 0, 0, 0], "texture": "#1"}
			}
		},
		{
			"from": [9.7, 7.5, 6.95],
			"to": [11.7, 7.6, 8.95],
			"faces": {
				"north": {"uv": [12, 0, 16, 16], "rotation": 90, "texture": "#1"},
				"east": {"uv": [8, 0, 12, 16], "rotation": 90, "texture": "#1"},
				"south": {"uv": [4, 0, 8, 16], "rotation": 90, "texture": "#1"},
				"west": {"uv": [0, 0, 4, 16], "rotation": 90, "texture": "#1"},
				"up": {"uv": [0, 0, 16, 16], "texture": "#1"},
				"down": {"uv": [0, 0, 16, 16], "texture": "#1"}
			}
		},
		{
			"from": [9.95, 8, 7.2],
			"to": [11.45, 8.1, 8.7],
			"faces": {
				"north": {"uv": [12, 2, 16, 14], "rotation": 90, "texture": "#1"},
				"east": {"uv": [0, 2, 4, 14], "rotation": 90, "texture": "#1"},
				"south": {"uv": [3, 2, 7, 14], "rotation": 90, "texture": "#1"},
				"west": {"uv": [8, 2, 12, 14], "rotation": 90, "texture": "#1"},
				"up": {"uv": [2, 2, 14, 14], "texture": "#1"},
				"down": {"uv": [0, 0, 0, 0], "texture": "#1"}
			}
		},
		{
			"from": [10.225, 8.8125, 7.45],
			"to": [11.225, 8.9125, 8.45],
			"faces": {
				"north": {"uv": [13, 4, 16, 12], "rotation": 90, "texture": "#1"},
				"east": {"uv": [0, 4, 3, 12], "rotation": 90, "texture": "#1"},
				"south": {"uv": [5, 4, 8, 12], "rotation": 90, "texture": "#1"},
				"west": {"uv": [9, 4, 12, 12], "rotation": 90, "texture": "#1"},
				"up": {"uv": [4, 4, 12, 12], "texture": "#1"},
				"down": {"uv": [4, 4, 12, 12], "texture": "#1"}
			}
		},
		{
			"from": [10.45, 9.1875, 7.7],
			"to": [10.95, 9.2875, 8.2],
			"faces": {
				"north": {"uv": [12, 5, 15, 11], "rotation": 90, "texture": "#1"},
				"east": {"uv": [0, 5, 3, 11], "rotation": 90, "texture": "#1"},
				"south": {"uv": [4, 5, 7, 11], "rotation": 90, "texture": "#1"},
				"west": {"uv": [8, 5, 11, 11], "rotation": 90, "texture": "#1"},
				"up": {"uv": [5, 5, 11, 11], "texture": "#1"},
				"down": {"uv": [0, 0, 0, 0], "texture": "#1"}
			}
		},
		{
			"name": "globe",
			"from": [4, 4, 4],
			"to": [12, 6, 12],
			"faces": {
				"north": {"uv": [0, 16, 16, 12], "rotation": 180, "texture": "#0"},
				"east": {"uv": [12, 16, 16, 0], "rotation": 270, "texture": "#0"},
				"south": {"uv": [0, 4, 16, 0], "texture": "#0"},
				"west": {"uv": [0, 16, 4, 0], "rotation": 90, "texture": "#0"},
				"down": {"uv": [0, 0, 16, 16], "texture": "#0"}
			}
		},
		{
			"name": "globe",
			"from": [4, 6, 2],
			"to": [12, 14, 4],
			"faces": {
				"north": {"uv": [0, 0, 16, 16], "rotation": 270, "texture": "#0"},
				"east": {"uv": [12, 0, 16, 16], "texture": "#0"},
				"west": {"uv": [0, 0, 4, 16], "texture": "#0"},
				"up": {"uv": [0, 0, 16, 4], "texture": "#0"},
				"down": {"uv": [0, 12, 16, 16], "texture": "#0"}
			}
		},
		{
			"name": "globe",
			"from": [12, 6, 4],
			"to": [14, 14, 12],
			"faces": {
				"north": {"uv": [0, 0, 4, 16], "texture": "#0"},
				"east": {"uv": [0, 0, 16, 16], "rotation": 270, "texture": "#0"},
				"south": {"uv": [12, 0, 16, 16], "texture": "#0"},
				"up": {"uv": [0, 0, 16, 4], "rotation": 90, "texture": "#0"},
				"down": {"uv": [0, 12, 16, 16], "rotation": 270, "texture": "#0"}
			}
		},
		{
			"name": "globe",
			"from": [4, 6, 12],
			"to": [12, 14, 14],
			"faces": {
				"east": {"uv": [0, 0, 4, 16], "texture": "#0"},
				"south": {"uv": [0, 0, 16, 16], "rotation": 270, "texture": "#0"},
				"west": {"uv": [12, 0, 16, 16], "texture": "#0"},
				"up": {"uv": [0, 0, 16, 4], "rotation": 180, "texture": "#0"},
				"down": {"uv": [0, 12, 16, 16], "rotation": 180, "texture": "#0"}
			}
		},
		{
			"name": "globe",
			"from": [2, 6, 4],
			"to": [4, 14, 12],
			"faces": {
				"north": {"uv": [12, 0, 16, 16], "texture": "#0"},
				"south": {"uv": [0, 0, 4, 16], "texture": "#0"},
				"west": {"uv": [0, 0, 16, 16], "rotation": 270, "texture": "#0"},
				"up": {"uv": [0, 0, 16, 4], "rotation": 270, "texture": "#0"},
				"down": {"uv": [0, 12, 16, 16], "rotation": 90, "texture": "#0"}
			}
		},
		{
			"name": "globe",
			"from": [4, 14, 4],
			"to": [12, 16, 12],
			"faces": {
				"north": {"uv": [0, 12, 16, 16], "rotation": 180, "texture": "#0"},
				"east": {"uv": [12, 0, 16, 16], "rotation": 270, "texture": "#0"},
				"south": {"uv": [0, 0, 16, 4], "texture": "#0"},
				"west": {"uv": [0, 0, 4, 16], "rotation": 90, "texture": "#0"},
				"up": {"uv": [0, 0, 16, 16], "rotation": 90, "texture": "#0"}
			}
		},
		{
			"name": "globe",
			"from": [3, 2, 3],
			"to": [13, 4, 13],
			"faces": {
				"north": {"uv": [0, 2, 3, 14], "rotation": 90, "texture": "#9"},
				"east": {"uv": [2, 13, 14, 16], "texture": "#9"},
				"south": {"uv": [0, 2, 3, 14], "rotation": 270, "texture": "#9"},
				"west": {"uv": [2, 13, 14, 16], "texture": "#9"},
				"up": {"uv": [2, 2, 14, 14], "rotation": 270, "texture": "#9"},
				"down": {"uv": [0, 0, 16, 16], "texture": "#9"}
			}
		},
		{
			"name": "globe",
			"from": [1, 0, 1],
			"to": [15, 2, 15],
			"faces": {
				"north": {"uv": [0, 0, 3, 16], "rotation": 90, "texture": "#9"},
				"east": {"uv": [0, 13, 16, 16], "texture": "#9"},
				"south": {"uv": [0, 0, 3, 16], "rotation": 270, "texture": "#9"},
				"west": {"uv": [0, 13, 16, 16], "texture": "#9"},
				"up": {"uv": [0, 0, 16, 16], "rotation": 270, "texture": "#9"},
				"down": {"uv": [0, 0, 16, 16], "texture": "#9"}
			}
		}
	],
	"display": {
		"thirdperson_righthand": {
			"translation": [0, 3, 0],
			"scale": [0.3, 0.3, 0.3]
		},
		"thirdperson_lefthand": {
			"translation": [0, 3, 0],
			"scale": [0.3, 0.3, 0.3]
		},
		"firstperson_righthand": {
			"translation": [0, 2.25, 0],
			"scale": [0.3, 0.3, 0.3]
		},
		"firstperson_lefthand": {
			"translation": [0, 2.25, 0],
			"scale": [0.3, 0.3, 0.3]
		},
		"ground": {
			"translation": [0, 3.25, 0],
			"scale": [0.5, 0.5, 0.5]
		},
		"gui": {
			"rotation": [0, 21.75, 0],
			"scale": [0.7, 0.7, 0.7]
		},
		"head": {
			"translation": [0, 10.75, 0],
			"scale": [0.5, 0.5, 0.5]
		},
		"fixed": {
			"rotation": [-90, 0, 0],
			"translation": [0, 0, -8.25]
		}
	}
}