{
	"credit": "minecraftrp.com.br",
	"textures": {
		"0": "block/snow",
		"1": "block/black_wool",
		"2": "block/comparator_on",
		"3": "block/cake_bottom",
		"4": "block/coal_block",
		"5": "block/spruce_log",
		"6": "block/green_wool",
		"7": "block/red_wool",
		"particle": "block/snow"
	},
	"elements": [
		{
			"from": [5.5, 16.6, 5.6],
			"to": [9.5, 21.6, 9.6],
			"rotation": {"angle": 22.5, "axis": "z", "origin": [8, 18.35, 7.6]},
			"faces": {
				"north": {"uv": [0, 6, 8, 16], "texture": "#1"},
				"east": {"uv": [8, 6, 16, 16], "texture": "#1"},
				"south": {"uv": [0, 6, 8, 16], "texture": "#1"},
				"west": {"uv": [8, 6, 16, 16], "texture": "#1"},
				"up": {"uv": [4, 4, 12, 12], "rotation": 90, "texture": "#1"}
			}
		},
		{
			"from": [5.4, 17.5, 5.5],
			"to": [9.6, 18.6, 9.7],
			"rotation": {"angle": 22.5, "axis": "z", "origin": [8, 18.35, 7.6]},
			"faces": {
				"north": {"uv": [4, 11, 8, 13], "texture": "#2"},
				"east": {"uv": [8, 11, 12, 13], "texture": "#2"},
				"south": {"uv": [4, 11, 8, 13], "texture": "#2"},
				"west": {"uv": [8, 11, 12, 13], "texture": "#2"}
			}
		},
		{
			"from": [4.5, 16.6, 4.6],
			"to": [10.5, 17.6, 10.6],
			"rotation": {"angle": 22.5, "axis": "z", "origin": [8, 18.35, 7.6]},
			"faces": {
				"north": {"uv": [1, 2, 13, 4], "texture": "#1"},
				"east": {"uv": [0, 0, 12, 2], "texture": "#1"},
				"south": {"uv": [4, 6, 16, 8], "texture": "#1"},
				"west": {"uv": [3, 4, 15, 6], "texture": "#1"},
				"up": {"uv": [2, 2, 14, 14], "rotation": 90, "texture": "#1"},
				"down": {"uv": [2, 2, 14, 14], "rotation": 270, "texture": "#1"}
			}
		},
		{
			"from": [9.75, 12, 5.65],
			"to": [13.75, 17.3, 9.55],
			"rotation": {"angle": 22.5, "axis": "z", "origin": [10.25, 7.5, 7.6]},
			"faces": {
				"north": {"uv": [0, 0, 16, 16], "texture": "#0"},
				"east": {"uv": [0, 0, 16, 16], "texture": "#0"},
				"south": {"uv": [0, 0, 16, 16], "texture": "#0"},
				"west": {"uv": [0, 0, 16, 16], "texture": "#0"},
				"up": {"uv": [0, 0, 16, 16], "rotation": 90, "texture": "#0"},
				"down": {"uv": [0, 0, 16, 16], "rotation": 270, "texture": "#0"}
			}
		},
		{
			"from": [7.1, 15.45, 5.35],
			"to": [7.6, 15.95, 5.85],
			"rotation": {"angle": -22.5, "axis": "z", "origin": [7.35, 15.7, 5.85]},
			"faces": {
				"north": {"uv": [4, 5, 6, 7], "texture": "#4"},
				"east": {"uv": [3, 3, 5, 5], "rotation": 180, "texture": "#4"},
				"south": {"uv": [3, 3, 5, 5], "rotation": 270, "texture": "#4"},
				"west": {"uv": [3, 3, 5, 5], "texture": "#4"},
				"up": {"uv": [3, 3, 5, 5], "rotation": 270, "texture": "#4"},
				"down": {"uv": [3, 3, 5, 5], "rotation": 270, "texture": "#4"}
			}
		},
		{
			"from": [9.15, 16.35, 5.35],
			"to": [9.65, 16.85, 5.85],
			"rotation": {"angle": -22.5, "axis": "z", "origin": [9.4, 16.6, 5.85]},
			"faces": {
				"north": {"uv": [4, 5, 6, 7], "texture": "#4"},
				"east": {"uv": [3, 3, 5, 5], "rotation": 180, "texture": "#4"},
				"south": {"uv": [3, 3, 5, 5], "rotation": 270, "texture": "#4"},
				"west": {"uv": [3, 3, 5, 5], "texture": "#4"},
				"up": {"uv": [3, 3, 5, 5], "rotation": 270, "texture": "#4"},
				"down": {"uv": [3, 3, 5, 5], "rotation": 270, "texture": "#4"}
			}
		},
		{
			"from": [8.1, 15.05, 3.65],
			"to": [9.1, 16.05, 5.65],
			"rotation": {"angle": -22.5, "axis": "z", "origin": [8.6, 15.55, 4.65]},
			"faces": {
				"north": {"uv": [7, 7, 9, 9], "texture": "#3"},
				"east": {"uv": [4, 1, 6, 5], "rotation": 270, "texture": "#3"},
				"south": {"uv": [4, 4, 12, 12], "texture": "#3"},
				"west": {"uv": [8, 1, 10, 5], "rotation": 90, "texture": "#3"},
				"up": {"uv": [2, 1, 4, 5], "rotation": 180, "texture": "#3"},
				"down": {"uv": [6, 1, 8, 5], "texture": "#3"}
			}
		},
		{
			"from": [8.15, 15.2, 2.15],
			"to": [8.85, 15.9, 3.65],
			"rotation": {"angle": 22.5, "axis": "z", "origin": [8.5, 15.55, 2.65]},
			"faces": {
				"north": {"uv": [7, 7, 9, 9], "rotation": 270, "texture": "#3"},
				"east": {"uv": [2, 5, 4, 8], "rotation": 270, "texture": "#3"},
				"south": {"uv": [4, 4, 12, 12], "rotation": 90, "texture": "#3"},
				"west": {"uv": [6, 5, 8, 8], "rotation": 90, "texture": "#3"},
				"up": {"uv": [8, 5, 10, 8], "rotation": 180, "texture": "#3"},
				"down": {"uv": [4, 5, 6, 8], "texture": "#3"}
			}
		},
		{
			"from": [9.6, 15, 5.35],
			"to": [10.1, 15.5, 5.85],
			"rotation": {"angle": 45, "axis": "z", "origin": [9.85, 15.25, 5.85]},
			"faces": {
				"north": {"uv": [4, 5, 6, 7], "texture": "#4"},
				"east": {"uv": [3, 3, 5, 5], "texture": "#4"},
				"south": {"uv": [3, 3, 5, 5], "texture": "#4"},
				"west": {"uv": [3, 3, 5, 5], "texture": "#4"},
				"up": {"uv": [3, 3, 5, 5], "rotation": 90, "texture": "#4"},
				"down": {"uv": [3, 3, 5, 5], "rotation": 270, "texture": "#4"}
			}
		},
		{
			"from": [9.2, 14.3, 5.35],
			"to": [9.7, 14.8, 5.85],
			"rotation": {"angle": 0, "axis": "z", "origin": [9.45, 14.55, 5.85]},
			"faces": {
				"north": {"uv": [4, 5, 6, 7], "texture": "#4"},
				"east": {"uv": [3, 3, 5, 5], "texture": "#4"},
				"south": {"uv": [3, 3, 5, 5], "texture": "#4"},
				"west": {"uv": [3, 3, 5, 5], "texture": "#4"},
				"up": {"uv": [3, 3, 5, 5], "rotation": 90, "texture": "#4"},
				"down": {"uv": [3, 3, 5, 5], "rotation": 270, "texture": "#4"}
			}
		},
		{
			"from": [8.45, 14.05, 5.35],
			"to": [8.95, 14.55, 5.85],
			"rotation": {"angle": 22.5, "axis": "z", "origin": [8.7, 14.3, 5.85]},
			"faces": {
				"north": {"uv": [4, 5, 6, 7], "texture": "#4"},
				"east": {"uv": [3, 3, 5, 5], "texture": "#4"},
				"south": {"uv": [3, 3, 5, 5], "texture": "#4"},
				"west": {"uv": [3, 3, 5, 5], "texture": "#4"},
				"up": {"uv": [3, 3, 5, 5], "rotation": 90, "texture": "#4"},
				"down": {"uv": [3, 3, 5, 5], "rotation": 270, "texture": "#4"}
			}
		},
		{
			"from": [7.6, 14.25, 5.35],
			"to": [8.1, 14.75, 5.85],
			"rotation": {"angle": 45, "axis": "z", "origin": [7.85, 14.5, 5.85]},
			"faces": {
				"north": {"uv": [4, 5, 6, 7], "texture": "#4"},
				"east": {"uv": [3, 3, 5, 5], "texture": "#4"},
				"south": {"uv": [3, 3, 5, 5], "texture": "#4"},
				"west": {"uv": [3, 3, 5, 5], "texture": "#4"},
				"up": {"uv": [3, 3, 5, 5], "rotation": 90, "texture": "#4"},
				"down": {"uv": [3, 3, 5, 5], "rotation": 270, "texture": "#4"}
			}
		},
		{
			"from": [6.3, 7.65, 4.6],
			"to": [12.3, 13.15, 10.6],
			"faces": {
				"north": {"uv": [0, 0, 16, 16], "texture": "#0"},
				"east": {"uv": [0, 0, 16, 16], "texture": "#0"},
				"south": {"uv": [0, 0, 16, 16], "texture": "#0"},
				"west": {"uv": [0, 0, 16, 16], "texture": "#0"},
				"up": {"uv": [0, 0, 16, 16], "rotation": 90, "texture": "#0"},
				"down": {"uv": [0, 0, 16, 16], "rotation": 270, "texture": "#0"}
			}
		},
		{
			"from": [8.8, 11.65, 4.35],
			"to": [9.8, 12.65, 5.35],
			"faces": {
				"north": {"uv": [4, 5, 6, 7], "texture": "#4"},
				"east": {"uv": [3, 3, 5, 5], "texture": "#4"},
				"south": {"uv": [3, 3, 5, 5], "texture": "#4"},
				"west": {"uv": [3, 3, 5, 5], "texture": "#4"},
				"up": {"uv": [3, 3, 5, 5], "rotation": 90, "texture": "#4"},
				"down": {"uv": [3, 3, 5, 5], "rotation": 270, "texture": "#4"}
			}
		},
		{
			"from": [8.8, 9.65, 4.35],
			"to": [9.8, 10.65, 5.35],
			"faces": {
				"north": {"uv": [4, 5, 6, 7], "texture": "#4"},
				"east": {"uv": [3, 3, 5, 5], "texture": "#4"},
				"south": {"uv": [3, 3, 5, 5], "texture": "#4"},
				"west": {"uv": [3, 3, 5, 5], "texture": "#4"},
				"up": {"uv": [3, 3, 5, 5], "rotation": 90, "texture": "#4"},
				"down": {"uv": [3, 3, 5, 5], "rotation": 270, "texture": "#4"}
			}
		},
		{
			"from": [7.1, 7.75, 3.35],
			"to": [8.1, 8.75, 4.35],
			"rotation": {"angle": -22.5, "axis": "z", "origin": [7.6, 5.25, 7.6]},
			"faces": {
				"north": {"uv": [4, 5, 6, 7], "texture": "#4"},
				"east": {"uv": [3, 3, 5, 5], "texture": "#4"},
				"south": {"uv": [3, 3, 5, 5], "texture": "#4"},
				"west": {"uv": [3, 3, 5, 5], "texture": "#4"},
				"up": {"uv": [3, 3, 5, 5], "rotation": 90, "texture": "#4"},
				"down": {"uv": [3, 3, 5, 5], "rotation": 270, "texture": "#4"}
			}
		},
		{
			"from": [3.6, 1.25, 3.6],
			"to": [11.6, 9.25, 11.6],
			"rotation": {"angle": -22.5, "axis": "z", "origin": [7.6, 5.25, 7.6]},
			"faces": {
				"north": {"uv": [0, 0, 16, 16], "texture": "#0"},
				"east": {"uv": [0, 0, 16, 16], "texture": "#0"},
				"south": {"uv": [0, 0, 16, 16], "texture": "#0"},
				"west": {"uv": [0, 0, 16, 16], "texture": "#0"},
				"up": {"uv": [0, 0, 16, 16], "rotation": 90, "texture": "#0"},
				"down": {"uv": [0, 0, 16, 16], "rotation": 270, "texture": "#0"}
			}
		},
		{
			"from": [7.1, 1.75, 3.35],
			"to": [8.1, 2.75, 4.35],
			"rotation": {"angle": -22.5, "axis": "z", "origin": [7.6, 5.25, 7.6]},
			"faces": {
				"north": {"uv": [4, 5, 6, 7], "texture": "#4"},
				"east": {"uv": [3, 3, 5, 5], "texture": "#4"},
				"south": {"uv": [3, 3, 5, 5], "texture": "#4"},
				"west": {"uv": [3, 3, 5, 5], "texture": "#4"},
				"up": {"uv": [3, 3, 5, 5], "rotation": 90, "texture": "#4"},
				"down": {"uv": [3, 3, 5, 5], "rotation": 270, "texture": "#4"}
			}
		},
		{
			"from": [7.1, 3.75, 3.35],
			"to": [8.1, 4.75, 4.35],
			"rotation": {"angle": -22.5, "axis": "z", "origin": [7.6, 5.25, 7.6]},
			"faces": {
				"north": {"uv": [4, 5, 6, 7], "texture": "#4"},
				"east": {"uv": [3, 3, 5, 5], "texture": "#4"},
				"south": {"uv": [3, 3, 5, 5], "texture": "#4"},
				"west": {"uv": [3, 3, 5, 5], "texture": "#4"},
				"up": {"uv": [3, 3, 5, 5], "rotation": 90, "texture": "#4"},
				"down": {"uv": [3, 3, 5, 5], "rotation": 270, "texture": "#4"}
			}
		},
		{
			"from": [7.1, 5.75, 3.35],
			"to": [8.1, 6.75, 4.35],
			"rotation": {"angle": -22.5, "axis": "z", "origin": [7.6, 5.25, 7.6]},
			"faces": {
				"north": {"uv": [4, 5, 6, 7], "texture": "#4"},
				"east": {"uv": [3, 3, 5, 5], "texture": "#4"},
				"south": {"uv": [3, 3, 5, 5], "texture": "#4"},
				"west": {"uv": [3, 3, 5, 5], "texture": "#4"},
				"up": {"uv": [3, 3, 5, 5], "rotation": 90, "texture": "#4"},
				"down": {"uv": [3, 3, 5, 5], "rotation": 270, "texture": "#4"}
			}
		},
		{
			"from": [4.975, 15.225, 7.3],
			"to": [5.975, 15.475, 7.9],
			"rotation": {"angle": 22.5, "axis": "z", "origin": [5.475, 15.35, 7.8]},
			"faces": {
				"north": {"uv": [0.1, 0.1, 0.9, 0.9], "texture": "#5"},
				"east": {"uv": [0.1, 0.1, 0.9, 0.9], "texture": "#5"},
				"south": {"uv": [0.1, 0.1, 0.9, 0.9], "texture": "#5"},
				"west": {"uv": [0.1, 0.1, 0.9, 0.9], "texture": "#5"},
				"up": {"uv": [0.1, 0.1, 0.9, 0.9], "rotation": 90, "texture": "#5"},
				"down": {"uv": [0.1, 0.1, 0.9, 0.9], "rotation": 270, "texture": "#5"}
			}
		},
		{
			"from": [10.1, 14.5, 7.1],
			"to": [10.85, 17.8, 8.1],
			"rotation": {"angle": 45, "axis": "z", "origin": [13.1, 8.5, 7.1]},
			"faces": {
				"north": {"uv": [0.1, 0.1, 0.9, 0.9], "texture": "#5"},
				"east": {"uv": [0.1, 0.1, 0.9, 0.9], "rotation": 180, "texture": "#5"},
				"south": {"uv": [0.1, 0.1, 0.9, 0.9], "rotation": 270, "texture": "#5"},
				"west": {"uv": [0.1, 0.1, 0.9, 0.9], "texture": "#5"},
				"up": {"uv": [0.1, 0.1, 0.9, 0.9], "rotation": 270, "texture": "#5"},
				"down": {"uv": [0.1, 0.1, 0.9, 0.9], "rotation": 270, "texture": "#5"}
			}
		},
		{
			"from": [4.6, 12.8, 7.2],
			"to": [5.1, 15.5, 8],
			"rotation": {"angle": 0, "axis": "z", "origin": [7.6, 6.5, 7.1]},
			"faces": {
				"north": {"uv": [0.1, 0.1, 0.9, 0.9], "texture": "#5"},
				"east": {"uv": [0.1, 0.1, 0.9, 0.9], "rotation": 180, "texture": "#5"},
				"south": {"uv": [0.1, 0.1, 0.9, 0.9], "rotation": 270, "texture": "#5"},
				"west": {"uv": [0.1, 0.1, 0.9, 0.9], "texture": "#5"},
				"up": {"uv": [0.1, 0.1, 0.9, 0.9], "rotation": 270, "texture": "#5"},
				"down": {"uv": [0.1, 0.1, 0.9, 0.9], "rotation": 270, "texture": "#5"}
			}
		},
		{
			"from": [4.975, 11.725, 7.3],
			"to": [5.975, 11.875, 7.9],
			"rotation": {"angle": -22.5, "axis": "z", "origin": [5.475, 11.85, 7.8]},
			"faces": {
				"north": {"uv": [0.1, 0.1, 0.9, 0.9], "texture": "#5"},
				"east": {"uv": [0.1, 0.1, 0.9, 0.9], "texture": "#5"},
				"south": {"uv": [0.1, 0.1, 0.9, 0.9], "texture": "#5"},
				"west": {"uv": [0.1, 0.1, 0.9, 0.9], "texture": "#5"},
				"up": {"uv": [0.1, 0.1, 0.9, 0.9], "rotation": 90, "texture": "#5"},
				"down": {"uv": [0.1, 0.1, 0.9, 0.9], "rotation": 270, "texture": "#5"}
			}
		},
		{
			"from": [5.05, 13.45, 7.25],
			"to": [5.2, 14.45, 7.85],
			"rotation": {"angle": -22.5, "axis": "z", "origin": [5.075, 13.95, 7.35]},
			"faces": {
				"north": {"uv": [0.1, 0.1, 0.9, 0.9], "texture": "#5"},
				"east": {"uv": [0.1, 0.1, 0.9, 0.9], "rotation": 180, "texture": "#5"},
				"south": {"uv": [0.1, 0.1, 0.9, 0.9], "rotation": 270, "texture": "#5"},
				"west": {"uv": [0.1, 0.1, 0.9, 0.9], "texture": "#5"},
				"up": {"uv": [0.1, 0.1, 0.9, 0.9], "rotation": 270, "texture": "#5"},
				"down": {"uv": [0.1, 0.1, 0.9, 0.9], "rotation": 270, "texture": "#5"}
			}
		},
		{
			"from": [5, 15.25, 7.3],
			"to": [5.25, 16.25, 7.9],
			"rotation": {"angle": -22.5, "axis": "z", "origin": [5.125, 15.75, 7.8]},
			"faces": {
				"north": {"uv": [0.1, 0.1, 0.9, 0.9], "texture": "#5"},
				"east": {"uv": [0.1, 0.1, 0.9, 0.9], "rotation": 180, "texture": "#5"},
				"south": {"uv": [0.1, 0.1, 0.9, 0.9], "rotation": 270, "texture": "#5"},
				"west": {"uv": [0.1, 0.1, 0.9, 0.9], "texture": "#5"},
				"up": {"uv": [0.1, 0.1, 0.9, 0.9], "rotation": 270, "texture": "#5"},
				"down": {"uv": [0.1, 0.1, 0.9, 0.9], "rotation": 270, "texture": "#5"}
			}
		},
		{
			"from": [4.5, 15.25, 7.3],
			"to": [4.75, 16.25, 7.9],
			"rotation": {"angle": 22.5, "axis": "z", "origin": [4.625, 15.75, 7.8]},
			"faces": {
				"north": {"uv": [0.1, 0.1, 0.9, 0.9], "texture": "#5"},
				"east": {"uv": [0.1, 0.1, 0.9, 0.9], "rotation": 180, "texture": "#5"},
				"south": {"uv": [0.1, 0.1, 0.9, 0.9], "rotation": 270, "texture": "#5"},
				"west": {"uv": [0.1, 0.1, 0.9, 0.9], "texture": "#5"},
				"up": {"uv": [0.1, 0.1, 0.9, 0.9], "rotation": 270, "texture": "#5"},
				"down": {"uv": [0.1, 0.1, 0.9, 0.9], "rotation": 270, "texture": "#5"}
			}
		},
		{
			"from": [14.85, 8.25, 7.1],
			"to": [18.1, 9, 8.1],
			"rotation": {"angle": 45, "axis": "z", "origin": [10.85, 6, 7.1]},
			"faces": {
				"north": {"uv": [0.1, 0.1, 0.9, 0.9], "texture": "#5"},
				"east": {"uv": [0.1, 0.1, 0.9, 0.9], "texture": "#5"},
				"south": {"uv": [0.1, 0.1, 0.9, 0.9], "texture": "#5"},
				"west": {"uv": [0.1, 0.1, 0.9, 0.9], "texture": "#5"},
				"up": {"uv": [0.1, 0.1, 0.9, 0.9], "rotation": 270, "texture": "#5"},
				"down": {"uv": [0.1, 0.1, 0.9, 0.9], "rotation": 270, "texture": "#5"}
			}
		},
		{
			"from": [14.5, 15.25, 7.3],
			"to": [14.75, 16.25, 7.9],
			"rotation": {"angle": 22.5, "axis": "z", "origin": [14.625, 15.75, 7.6]},
			"faces": {
				"north": {"uv": [0.1, 0.1, 0.9, 0.9], "texture": "#5"},
				"east": {"uv": [0.1, 0.1, 0.9, 0.9], "rotation": 180, "texture": "#5"},
				"south": {"uv": [0.1, 0.1, 0.9, 0.9], "rotation": 270, "texture": "#5"},
				"west": {"uv": [0.1, 0.1, 0.9, 0.9], "texture": "#5"},
				"up": {"uv": [0.1, 0.1, 0.9, 0.9], "rotation": 270, "texture": "#5"},
				"down": {"uv": [0.1, 0.1, 0.9, 0.9], "rotation": 270, "texture": "#5"}
			}
		},
		{
			"from": [14.15, 12.5, 7.2],
			"to": [14.65, 15.5, 8],
			"rotation": {"angle": -22.5, "axis": "z", "origin": [14.65, 14, 7.7]},
			"faces": {
				"north": {"uv": [0.1, 0.1, 0.9, 0.9], "texture": "#5"},
				"east": {"uv": [0.1, 0.1, 0.9, 0.9], "rotation": 180, "texture": "#5"},
				"south": {"uv": [0.1, 0.1, 0.9, 0.9], "rotation": 270, "texture": "#5"},
				"west": {"uv": [0.1, 0.1, 0.9, 0.9], "texture": "#5"},
				"up": {"uv": [0.1, 0.1, 0.9, 0.9], "rotation": 270, "texture": "#5"},
				"down": {"uv": [0.1, 0.1, 0.9, 0.9], "rotation": 270, "texture": "#5"}
			}
		},
		{
			"from": [15, 15.25, 7.3],
			"to": [15.25, 16.25, 7.9],
			"rotation": {"angle": -22.5, "axis": "z", "origin": [15.125, 15.75, 7.6]},
			"faces": {
				"north": {"uv": [0.1, 0.1, 0.9, 0.9], "texture": "#5"},
				"east": {"uv": [0.1, 0.1, 0.9, 0.9], "rotation": 180, "texture": "#5"},
				"south": {"uv": [0.1, 0.1, 0.9, 0.9], "rotation": 270, "texture": "#5"},
				"west": {"uv": [0.1, 0.1, 0.9, 0.9], "texture": "#5"},
				"up": {"uv": [0.1, 0.1, 0.9, 0.9], "rotation": 270, "texture": "#5"},
				"down": {"uv": [0.1, 0.1, 0.9, 0.9], "rotation": 270, "texture": "#5"}
			}
		},
		{
			"from": [12.725, 11.475, 7.3],
			"to": [14.225, 11.625, 7.9],
			"rotation": {"angle": 22.5, "axis": "z", "origin": [13.225, 11.6, 7.8]},
			"faces": {
				"north": {"uv": [0.1, 0.1, 0.9, 0.9], "texture": "#5"},
				"east": {"uv": [0.1, 0.1, 0.9, 0.9], "texture": "#5"},
				"south": {"uv": [0.1, 0.1, 0.9, 0.9], "texture": "#5"},
				"west": {"uv": [0.1, 0.1, 0.9, 0.9], "texture": "#5"},
				"up": {"uv": [0.1, 0.1, 0.9, 0.9], "rotation": 90, "texture": "#5"},
				"down": {"uv": [0.1, 0.1, 0.9, 0.9], "rotation": 270, "texture": "#5"}
			}
		},
		{
			"from": [14.05, 13.45, 7.25],
			"to": [14.2, 14.45, 7.85],
			"rotation": {"angle": 22.5, "axis": "z", "origin": [14.075, 13.95, 7.35]},
			"faces": {
				"north": {"uv": [0.1, 0.1, 0.9, 0.9], "texture": "#5"},
				"east": {"uv": [0.1, 0.1, 0.9, 0.9], "rotation": 180, "texture": "#5"},
				"south": {"uv": [0.1, 0.1, 0.9, 0.9], "rotation": 270, "texture": "#5"},
				"west": {"uv": [0.1, 0.1, 0.9, 0.9], "texture": "#5"},
				"up": {"uv": [0.1, 0.1, 0.9, 0.9], "rotation": 270, "texture": "#5"},
				"down": {"uv": [0.1, 0.1, 0.9, 0.9], "rotation": 270, "texture": "#5"}
			}
		},
		{
			"from": [14.875, 15.375, 7.3],
			"to": [15.875, 15.625, 7.9],
			"rotation": {"angle": 22.5, "axis": "z", "origin": [15.375, 15.5, 7.6]},
			"faces": {
				"north": {"uv": [0.1, 0.1, 0.9, 0.9], "texture": "#5"},
				"east": {"uv": [0.1, 0.1, 0.9, 0.9], "texture": "#5"},
				"south": {"uv": [0.1, 0.1, 0.9, 0.9], "texture": "#5"},
				"west": {"uv": [0.1, 0.1, 0.9, 0.9], "texture": "#5"},
				"up": {"uv": [0.1, 0.1, 0.9, 0.9], "rotation": 90, "texture": "#5"},
				"down": {"uv": [0.1, 0.1, 0.9, 0.9], "rotation": 270, "texture": "#5"}
			}
		},
		{
			"from": [14.8, 13.95, 7.35],
			"to": [14.95, 14.95, 7.95],
			"rotation": {"angle": -45, "axis": "z", "origin": [14.825, 14.45, 7.45]},
			"faces": {
				"north": {"uv": [0.1, 0.1, 0.9, 0.9], "texture": "#5"},
				"east": {"uv": [0.1, 0.1, 0.9, 0.9], "rotation": 180, "texture": "#5"},
				"south": {"uv": [0.1, 0.1, 0.9, 0.9], "rotation": 270, "texture": "#5"},
				"west": {"uv": [0.1, 0.1, 0.9, 0.9], "texture": "#5"},
				"up": {"uv": [0.1, 0.1, 0.9, 0.9], "rotation": 270, "texture": "#5"},
				"down": {"uv": [0.1, 0.1, 0.9, 0.9], "rotation": 270, "texture": "#5"}
			}
		},
		{
			"from": [10.69, 13, 5.25],
			"to": [11.49, 14, 9.95],
			"faces": {
				"north": {"uv": [0, 0, 2, 2], "texture": "#6"},
				"east": {"uv": [0, 0, 4.5, 1], "texture": "#6"},
				"south": {"uv": [0, 0, 2, 2], "texture": "#6"},
				"west": {"uv": [0, 0, 4.5, 1], "texture": "#6"},
				"up": {"uv": [0, 0, 4.5, 1], "rotation": 90, "texture": "#6"},
				"down": {"uv": [0, 0, 4.5, 1], "rotation": 270, "texture": "#6"}
			}
		},
		{
			"from": [8.89, 13, 5.25],
			"to": [9.79, 13.96, 9.95],
			"faces": {
				"north": {"uv": [4, 0, 6, 2], "texture": "#6"},
				"east": {"uv": [0, 0, 4.5, 1], "texture": "#6"},
				"south": {"uv": [4, 0, 6, 2], "texture": "#6"},
				"west": {"uv": [0, 0, 4.5, 1], "texture": "#6"},
				"up": {"uv": [0, 1, 4.5, 2], "rotation": 90, "texture": "#6"},
				"down": {"uv": [0, 0, 4.5, 1], "rotation": 270, "texture": "#6"}
			}
		},
		{
			"from": [7.99, 13, 5.25],
			"to": [8.89, 13.96, 9.95],
			"faces": {
				"north": {"uv": [6, 0, 8, 2], "texture": "#7"},
				"east": {"uv": [0, 0, 4.5, 1], "texture": "#7"},
				"south": {"uv": [6, 0, 8, 2], "texture": "#7"},
				"west": {"uv": [0, 0, 4.5, 1], "texture": "#7"},
				"up": {"uv": [0, 1, 4.5, 2], "rotation": 90, "texture": "#7"},
				"down": {"uv": [0, 0, 4.5, 1], "rotation": 270, "texture": "#7"}
			}
		},
		{
			"from": [9.79, 13, 5.25],
			"to": [10.69, 14.01, 9.95],
			"faces": {
				"north": {"uv": [2, 0, 4, 2], "texture": "#7"},
				"east": {"uv": [0, 0, 4.5, 1], "texture": "#7"},
				"south": {"uv": [2, 0, 4, 2], "texture": "#7"},
				"west": {"uv": [0, 0, 4.5, 1], "texture": "#7"},
				"up": {"uv": [0, 1, 4.5, 2], "rotation": 90, "texture": "#7"},
				"down": {"uv": [0, 0, 4.5, 1], "rotation": 270, "texture": "#7"}
			}
		},
		{
			"from": [7.19, 13, 5.25],
			"to": [7.99, 14.01, 9.95],
			"faces": {
				"north": {"uv": [8, 0, 10, 2], "texture": "#6"},
				"east": {"uv": [0, 0, 4.5, 1], "texture": "#6"},
				"south": {"uv": [8, 0, 10, 2], "texture": "#6"},
				"west": {"uv": [0, 0, 4.5, 1], "texture": "#6"},
				"up": {"uv": [0, 1, 4.5, 2], "rotation": 90, "texture": "#6"},
				"down": {"uv": [0, 0, 4.5, 1], "rotation": 270, "texture": "#6"}
			}
		},
		{
			"from": [6.9, 13, 8.94],
			"to": [11.95, 13.95, 9.74],
			"faces": {
				"north": {"uv": [0, 0, 4.5, 1], "texture": "#6"},
				"east": {"uv": [0, 0, 2, 2], "texture": "#6"},
				"south": {"uv": [0, 0, 4.5, 1], "texture": "#6"},
				"west": {"uv": [0, 0, 2, 2], "texture": "#6"},
				"up": {"uv": [0, 0, 4.5, 1], "rotation": 180, "texture": "#6"},
				"down": {"uv": [0, 0, 4.5, 1], "rotation": 180, "texture": "#6"}
			}
		},
		{
			"from": [6.9, 13, 8.04],
			"to": [11.95, 13.96, 8.94],
			"faces": {
				"north": {"uv": [0, 0, 4.5, 1], "texture": "#7"},
				"east": {"uv": [2, 0, 4, 2], "texture": "#7"},
				"south": {"uv": [0, 0, 4.5, 1], "texture": "#7"},
				"west": {"uv": [2, 0, 4, 2], "texture": "#7"},
				"up": {"uv": [0, 1, 4.5, 2], "rotation": 180, "texture": "#7"},
				"down": {"uv": [0, 0, 4.5, 1], "rotation": 180, "texture": "#7"}
			}
		},
		{
			"from": [6.9, 13, 7.14],
			"to": [11.95, 14.01, 8.04],
			"faces": {
				"north": {"uv": [0, 0, 4.5, 1], "texture": "#6"},
				"east": {"uv": [4, 0, 6, 2], "texture": "#6"},
				"south": {"uv": [0, 0, 4.5, 1], "texture": "#6"},
				"west": {"uv": [4, 0, 6, 2], "texture": "#6"},
				"up": {"uv": [0, 1, 4.5, 2], "rotation": 180, "texture": "#6"},
				"down": {"uv": [0, 0, 4.5, 1], "rotation": 180, "texture": "#6"}
			}
		},
		{
			"from": [6.9, 13, 6.24],
			"to": [11.95, 14, 7.14],
			"faces": {
				"north": {"uv": [0, 0, 4.5, 1], "texture": "#7"},
				"east": {"uv": [6, 0, 8, 2], "texture": "#7"},
				"south": {"uv": [0, 0, 4.5, 1], "texture": "#7"},
				"west": {"uv": [6, 0, 8, 2], "texture": "#7"},
				"up": {"uv": [0, 1, 4.5, 2], "rotation": 180, "texture": "#7"},
				"down": {"uv": [0, 0, 4.5, 1], "rotation": 180, "texture": "#7"}
			}
		},
		{
			"from": [6.9, 13, 5.44],
			"to": [11.95, 13.95, 6.24],
			"faces": {
				"north": {"uv": [0, 0, 4.5, 1], "texture": "#6"},
				"east": {"uv": [8, 0, 10, 2], "texture": "#6"},
				"south": {"uv": [0, 0, 4.5, 1], "texture": "#6"},
				"west": {"uv": [8, 0, 10, 2], "texture": "#6"},
				"up": {"uv": [0, 1, 4.5, 2], "rotation": 180, "texture": "#6"},
				"down": {"uv": [0, 0, 4.5, 1], "rotation": 180, "texture": "#6"}
			}
		},
		{
			"from": [7.64, 12.5, 9.7],
			"to": [9.49, 13.76, 10.7],
			"faces": {
				"north": {"uv": [4, 0, 8, 2], "texture": "#6"},
				"east": {"uv": [8, 0, 10, 2], "texture": "#6"},
				"south": {"uv": [4, 0, 8, 2], "texture": "#6"},
				"west": {"uv": [8, 0, 10, 2], "texture": "#6"},
				"up": {"uv": [4, 0, 8, 2], "rotation": 90, "texture": "#6"},
				"down": {"uv": [4, 0, 8, 2], "rotation": 270, "texture": "#6"}
			}
		},
		{
			"from": [8.14, 12, 10],
			"to": [9.74, 13.06, 11],
			"faces": {
				"north": {"uv": [4, 0, 8, 2], "texture": "#7"},
				"east": {"uv": [8, 0, 10, 2], "texture": "#7"},
				"south": {"uv": [4, 0, 8, 2], "texture": "#7"},
				"west": {"uv": [8, 0, 10, 2], "texture": "#7"},
				"up": {"uv": [4, 0, 8, 2], "rotation": 90, "texture": "#7"},
				"down": {"uv": [4, 0, 8, 2], "rotation": 270, "texture": "#7"}
			}
		},
		{
			"from": [8.621, 11.5, 10.451],
			"to": [9.991, 12.56, 11.461],
			"faces": {
				"north": {"uv": [4, 0, 8, 2], "texture": "#6"},
				"east": {"uv": [8, 0, 10, 2], "texture": "#6"},
				"south": {"uv": [4, 0, 8, 2], "texture": "#6"},
				"west": {"uv": [8, 0, 10, 2], "texture": "#6"},
				"up": {"uv": [4, 0, 8, 2], "rotation": 90, "texture": "#6"},
				"down": {"uv": [4, 0, 8, 2], "rotation": 270, "texture": "#6"}
			}
		},
		{
			"from": [8.79, 10.55, 10.85],
			"to": [8.99, 11.81, 11.05],
			"faces": {
				"north": {"uv": [4, 0, 8, 2], "texture": "#6"},
				"east": {"uv": [8, 0, 10, 2], "texture": "#6"},
				"south": {"uv": [4, 0, 8, 2], "texture": "#6"},
				"west": {"uv": [8, 0, 10, 2], "texture": "#6"},
				"up": {"uv": [4, 0, 8, 2], "rotation": 90, "texture": "#6"},
				"down": {"uv": [4, 0, 8, 2], "rotation": 270, "texture": "#6"}
			}
		},
		{
			"from": [9.04, 10.75, 11.1],
			"to": [9.24, 11.81, 11.3],
			"faces": {
				"north": {"uv": [4, 0, 8, 2], "texture": "#6"},
				"east": {"uv": [8, 0, 10, 2], "texture": "#6"},
				"south": {"uv": [4, 0, 8, 2], "texture": "#6"},
				"west": {"uv": [8, 0, 10, 2], "texture": "#6"},
				"up": {"uv": [4, 0, 8, 2], "rotation": 90, "texture": "#6"},
				"down": {"uv": [4, 0, 8, 2], "rotation": 270, "texture": "#6"}
			}
		},
		{
			"from": [9.29, 10.75, 10.95],
			"to": [9.49, 11.81, 11.15],
			"faces": {
				"north": {"uv": [4, 0, 8, 2], "texture": "#6"},
				"east": {"uv": [8, 0, 10, 2], "texture": "#6"},
				"south": {"uv": [4, 0, 8, 2], "texture": "#6"},
				"west": {"uv": [8, 0, 10, 2], "texture": "#6"},
				"up": {"uv": [4, 0, 8, 2], "rotation": 90, "texture": "#6"},
				"down": {"uv": [4, 0, 8, 2], "rotation": 270, "texture": "#6"}
			}
		},
		{
			"from": [9.39, 10.75, 11.25],
			"to": [9.59, 11.81, 11.45],
			"faces": {
				"north": {"uv": [4, 0, 8, 2], "texture": "#6"},
				"east": {"uv": [8, 0, 10, 2], "texture": "#6"},
				"south": {"uv": [4, 0, 8, 2], "texture": "#6"},
				"west": {"uv": [8, 0, 10, 2], "texture": "#6"},
				"up": {"uv": [4, 0, 8, 2], "rotation": 90, "texture": "#6"},
				"down": {"uv": [4, 0, 8, 2], "rotation": 270, "texture": "#6"}
			}
		},
		{
			"from": [9.79, 10.75, 10.85],
			"to": [9.99, 11.81, 11.05],
			"faces": {
				"north": {"uv": [4, 0, 8, 2], "texture": "#6"},
				"east": {"uv": [8, 0, 10, 2], "texture": "#6"},
				"south": {"uv": [4, 0, 8, 2], "texture": "#6"},
				"west": {"uv": [8, 0, 10, 2], "texture": "#6"},
				"up": {"uv": [4, 0, 8, 2], "rotation": 90, "texture": "#6"},
				"down": {"uv": [4, 0, 8, 2], "rotation": 270, "texture": "#6"}
			}
		},
		{
			"from": [9.69, 10.65, 11.1],
			"to": [9.89, 11.81, 11.3],
			"faces": {
				"north": {"uv": [4, 0, 8, 2], "texture": "#6"},
				"east": {"uv": [8, 0, 10, 2], "texture": "#6"},
				"south": {"uv": [4, 0, 8, 2], "texture": "#6"},
				"west": {"uv": [8, 0, 10, 2], "texture": "#6"},
				"up": {"uv": [4, 0, 8, 2], "rotation": 90, "texture": "#6"},
				"down": {"uv": [4, 0, 8, 2], "rotation": 270, "texture": "#6"}
			}
		},
		{
			"from": [9.49, 10.75, 10.7],
			"to": [9.69, 11.81, 10.9],
			"faces": {
				"north": {"uv": [4, 0, 8, 2], "texture": "#6"},
				"east": {"uv": [8, 0, 10, 2], "texture": "#6"},
				"south": {"uv": [4, 0, 8, 2], "texture": "#6"},
				"west": {"uv": [8, 0, 10, 2], "texture": "#6"},
				"up": {"uv": [4, 0, 8, 2], "rotation": 90, "texture": "#6"},
				"down": {"uv": [4, 0, 8, 2], "rotation": 270, "texture": "#6"}
			}
		},
		{
			"from": [9.09, 10.75, 10.7],
			"to": [9.29, 11.81, 10.9],
			"faces": {
				"north": {"uv": [4, 0, 8, 2], "texture": "#6"},
				"east": {"uv": [8, 0, 10, 2], "texture": "#6"},
				"south": {"uv": [4, 0, 8, 2], "texture": "#6"},
				"west": {"uv": [8, 0, 10, 2], "texture": "#6"},
				"up": {"uv": [4, 0, 8, 2], "rotation": 90, "texture": "#6"},
				"down": {"uv": [4, 0, 8, 2], "rotation": 270, "texture": "#6"}
			}
		},
		{
			"from": [7.19, 12.25, 10],
			"to": [8.04, 13.06, 11],
			"faces": {
				"north": {"uv": [4, 0, 8, 2], "texture": "#7"},
				"east": {"uv": [8, 0, 10, 2], "texture": "#7"},
				"south": {"uv": [4, 0, 8, 2], "texture": "#7"},
				"west": {"uv": [8, 0, 10, 2], "texture": "#7"},
				"up": {"uv": [4, 0, 8, 2], "rotation": 90, "texture": "#7"},
				"down": {"uv": [4, 0, 8, 2], "rotation": 270, "texture": "#7"}
			}
		},
		{
			"from": [6.921, 11.75, 10.451],
			"to": [7.791, 12.56, 11.461],
			"faces": {
				"north": {"uv": [4, 0, 8, 2], "texture": "#6"},
				"east": {"uv": [8, 0, 10, 2], "texture": "#6"},
				"south": {"uv": [4, 0, 8, 2], "texture": "#6"},
				"west": {"uv": [8, 0, 10, 2], "texture": "#6"},
				"up": {"uv": [4, 0, 8, 2], "rotation": 90, "texture": "#6"},
				"down": {"uv": [4, 0, 8, 2], "rotation": 270, "texture": "#6"}
			}
		},
		{
			"from": [6.94, 10.75, 11.2],
			"to": [7.14, 11.81, 11.4],
			"faces": {
				"north": {"uv": [4, 0, 8, 2], "texture": "#6"},
				"east": {"uv": [8, 0, 10, 2], "texture": "#6"},
				"south": {"uv": [4, 0, 8, 2], "texture": "#6"},
				"west": {"uv": [8, 0, 10, 2], "texture": "#6"},
				"up": {"uv": [4, 0, 8, 2], "rotation": 90, "texture": "#6"},
				"down": {"uv": [4, 0, 8, 2], "rotation": 270, "texture": "#6"}
			}
		},
		{
			"from": [7.49, 10.85, 11.2],
			"to": [7.69, 11.81, 11.4],
			"faces": {
				"north": {"uv": [4, 0, 8, 2], "texture": "#6"},
				"east": {"uv": [8, 0, 10, 2], "texture": "#6"},
				"south": {"uv": [4, 0, 8, 2], "texture": "#6"},
				"west": {"uv": [8, 0, 10, 2], "texture": "#6"},
				"up": {"uv": [4, 0, 8, 2], "rotation": 90, "texture": "#6"},
				"down": {"uv": [4, 0, 8, 2], "rotation": 270, "texture": "#6"}
			}
		},
		{
			"from": [8.99, 10.85, 11.2],
			"to": [9.19, 11.81, 11.4],
			"faces": {
				"north": {"uv": [4, 0, 8, 2], "texture": "#6"},
				"east": {"uv": [8, 0, 10, 2], "texture": "#6"},
				"south": {"uv": [4, 0, 8, 2], "texture": "#6"},
				"west": {"uv": [8, 0, 10, 2], "texture": "#6"},
				"up": {"uv": [4, 0, 8, 2], "rotation": 90, "texture": "#6"},
				"down": {"uv": [4, 0, 8, 2], "rotation": 270, "texture": "#6"}
			}
		},
		{
			"from": [7.14, 10.55, 11.1],
			"to": [7.34, 11.81, 11.3],
			"faces": {
				"north": {"uv": [4, 0, 8, 2], "texture": "#6"},
				"east": {"uv": [8, 0, 10, 2], "texture": "#6"},
				"south": {"uv": [4, 0, 8, 2], "texture": "#6"},
				"west": {"uv": [8, 0, 10, 2], "texture": "#6"},
				"up": {"uv": [4, 0, 8, 2], "rotation": 90, "texture": "#6"},
				"down": {"uv": [4, 0, 8, 2], "rotation": 270, "texture": "#6"}
			}
		},
		{
			"from": [7.04, 10.75, 10.7],
			"to": [7.24, 11.81, 10.9],
			"faces": {
				"north": {"uv": [4, 0, 8, 2], "texture": "#6"},
				"east": {"uv": [8, 0, 10, 2], "texture": "#6"},
				"south": {"uv": [4, 0, 8, 2], "texture": "#6"},
				"west": {"uv": [8, 0, 10, 2], "texture": "#6"},
				"up": {"uv": [4, 0, 8, 2], "rotation": 90, "texture": "#6"},
				"down": {"uv": [4, 0, 8, 2], "rotation": 270, "texture": "#6"}
			}
		},
		{
			"from": [7.44, 10.75, 10.95],
			"to": [7.64, 11.81, 11.15],
			"faces": {
				"north": {"uv": [4, 0, 8, 2], "texture": "#6"},
				"east": {"uv": [8, 0, 10, 2], "texture": "#6"},
				"south": {"uv": [4, 0, 8, 2], "texture": "#6"},
				"west": {"uv": [8, 0, 10, 2], "texture": "#6"},
				"up": {"uv": [4, 0, 8, 2], "rotation": 90, "texture": "#6"},
				"down": {"uv": [4, 0, 8, 2], "rotation": 270, "texture": "#6"}
			}
		},
		{
			"from": [7.54, 10.75, 10.7],
			"to": [7.74, 11.81, 10.9],
			"faces": {
				"north": {"uv": [4, 0, 8, 2], "texture": "#6"},
				"east": {"uv": [8, 0, 10, 2], "texture": "#6"},
				"south": {"uv": [4, 0, 8, 2], "texture": "#6"},
				"west": {"uv": [8, 0, 10, 2], "texture": "#6"},
				"up": {"uv": [4, 0, 8, 2], "rotation": 90, "texture": "#6"},
				"down": {"uv": [4, 0, 8, 2], "rotation": 270, "texture": "#6"}
			}
		}
	],
	"display": {
		"thirdperson_righthand": {
			"scale": [0.6, 0.6, 0.6]
		},
		"thirdperson_lefthand": {
			"scale": [0.6, 0.6, 0.6]
		},
		"firstperson_righthand": {
			"scale": [0.6, 0.6, 0.6]
		},
		"firstperson_lefthand": {
			"scale": [0.6, 0.6, 0.6]
		},
		"ground": {
			"translation": [0, 1.25, 0],
			"scale": [0.6, 0.6, 0.6]
		},
		"gui": {
			"rotation": [-180, -23, -180],
			"translation": [0, -1.75, 0],
			"scale": [0.6, 0.6, 0.6]
		},
		"head": {
			"translation": [0, 14.5, 0]
		},
		"fixed": {
			"rotation": [-90, 0, 0],
			"translation": [0, 0, -31.25],
			"scale": [4, 4, 4]
		}
	}
}