{
  "parent": "minecraft:item/generated",
  "textures": {
    "layer0": "minecraft:item/cookie"
  },
  "overrides": [
    {
      "predicate": {"custom_model_data": 102},
      "model": "minecraft:item/cookie_chocolate"
    },
    {
      "predicate": {"custom_model_data": 103},
      "model": "minecraft:item/chocolate"
    },
    {
      "predicate": {"custom_model_data": 104},
      "model": "minecraft:item/candycane"
    },
    {
      "predicate": {"custom_model_data": 105},
      "model": "minecraft:item/sweet"
    }
  ]
}