{
  "parent": "minecraft:item/handheld",
  "textures": {
    "layer0": "minecraft:item/stick"
  },
  "overrides": [
    {
      "predicate": {
        "custom_model_data": 1
      },
      "model": "minecraft:custom/decoration/christmas_tree"
    },
    {
      "predicate": {
        "custom_model_data": 2
      },
      "model": "minecraft:custom/decoration/gift"
    },
    {
      "predicate": {
        "custom_model_data": 3
      },
      "model": "minecraft:custom/decoration/santa_claus"
    },
    {
      "predicate": {
        "custom_model_data": 4
      },
      "model": "minecraft:custom/decoration/snow_globe"
    },
    {
      "predicate": {
        "custom_model_data": 5
      },
      "model": "minecraft:custom/decoration/snowman"
    }
  ]
  }